x1,x2,x3,x4,x5,x6,x7,x8,x9,x10,x11,x12,x13,x14,x15,x16,x17,x18,x19,x20,x21,x22,x23,x24,x25,Y
4.34,0,0,0.03,0,0,0,0,55.3,1.8,0.02,0.24,0.04,0.01,0,0.1,0,4.54,0.02,11.85,0,0.23,0.01,0.01,0.02,3
1.15,0,0,0.03,0,0,0,0,66.55,7.64,0,1.52,0.21,0.01,0,0.01,0,-0.09,0,2.57,0,0.07,0,0,0,6
0.87,0,0,0.03,0,0,0,0,67.26,8.39,0,1.52,0.22,0.02,0,0.01,0,-0.34,0,1.71,0,0.05,0,0,0,6
0.98,0,0,0.03,0,0,0,0,64.84,1.56,0,0.24,0.05,0.03,0,0.04,0,0.72,0.01,4.89,0,0.04,0,0,0,6
0.45,0,0,0.03,0,0,0,0,67.25,1.93,0,0.27,0.05,0.01,0,0.02,0,0.2,0.01,1.94,0,0.01,0,0,0,6
0.46,0,0,0.05,0,0,0,0,68.5,2.15,0,0.27,0.06,0.01,0,0.02,0,0.17,0,0.97,0,0.01,0,0,0,6
0.44,0,0,0.06,0,0,0,0,67.88,1.85,0,0.22,0.05,0.01,0,0.02,0,0.23,0.01,1.41,0,0.01,0,0,0,6
0.49,0,0,0.04,0,0,0,0,68.01,2.6,0,0.35,0.1,0.01,0,0.01,0,0.07,0,1.35,0,0.02,0,0,0,6
0.4,0,0,0.02,0,0,0,0,48.79,0.62,0,0.04,0.01,0,0,0.01,0,0.2,0,29.8,0,0.02,0,0,0,7
0.48,0.01,0.01,0.02,0,0,0,0,49.63,0.47,0,0.03,0.06,0.01,0,0.01,0.01,0.26,0,28.9,0,0.02,0,0,0,7
0.55,0,0,0.02,0,0,0,0,50.95,0.42,0,0.02,0.01,0.01,0,0.01,0,0.06,0,26,0,0.05,0,0,0,7
1.1,0,0,0.02,0,0,0.02,0,51.5,0.82,0,0.04,0.05,0,0.01,0.02,0,0.5,0.01,24.3,0,0.05,0,0,0,7
23.6,0,0.05,0.02,0,0,0.01,0,20.78,1.23,0.03,0.04,0.03,0,0.01,0.05,0,8.8,0.02,33.1,0,4.8,0.03,0,0.03,0
0.85,0,0.01,0.03,0,0,0,0,49.71,0.46,0,0.02,0.01,0,0,0.01,0,0.29,0,27.1,0,0.06,0,0,0,7
0.36,0,0,0.02,0,0,0,0,47.99,0.5,0,0.01,0.01,0.01,0,0.01,0,0.19,0,30.9,0,0.01,0,0,0,7
0.88,0,0,0.02,0,0,0,0,51.65,0.48,0,0.05,0.05,0.01,0,0.01,0,0.41,0,24.4,0,0.02,0,0,0,7
0.9,0,0,0.03,0,0,0,0,67.77,16.6,0,1.74,0.29,0.01,0,0.02,0,-1.3,0.01,1.35,0,0.02,0.01,0.01,0,6
0.59,0,0,0.03,0,0,0,0,58.09,9.93,0,0.82,0.14,0.01,0,0.04,0,0.13,0.01,14.5,0,0.01,0,0.01,0,7
2.23,0,0.1,0.03,0,0,0,0,63.06,14.6,0,2.46,3.21,0.01,0.01,0.07,0.01,-0.91,0.01,1.82,0.01,0.12,0.01,0.01,0.01,6
10.15,0,0.33,0.02,0,0.01,0.02,0,47.15,0.26,0.01,0.55,3.04,0.01,0.01,0.18,0,5.22,0.03,10.65,0,0.75,0.01,0.01,0.05,1
9.11,0,0.07,0.01,0,0,0.01,0,51.7,0,0,0.27,0.34,0.02,0.01,0.13,0,4.71,0.02,9.97,0,0.55,0.01,0.01,0.04,1
12.4,0,0.18,0.02,0,0,0.02,0,45.34,0.12,0,0.13,0.23,0,0.01,0.21,0,6.52,0.03,13.35,0.01,1.04,0.02,0.01,0.07,1
21.2,0,0.6,0.03,0,0,0.01,0,28.63,0.64,0.01,0.14,0.25,0.01,0.01,0.45,0,10.22,0.05,23.3,0.02,2.1,0.02,0.02,0.08,0
28.8,0,0.18,0.02,0,0,0.02,0,15.77,0.64,0.14,0.12,0.4,0.02,0,0.13,0,10.88,0.05,33.7,0,2.61,0.01,0.01,0.07,0
25.9,0,0.66,0.02,0,0.02,0.02,0.01,17.14,0,0.05,0.11,2.13,0.01,0.01,0.16,0,11.83,0.06,31.7,0.01,2.15,0.01,0.01,0.03,0
31.3,0,0.81,0.03,0,0.02,0.01,0,11.32,0,0.06,1.02,1.63,0.01,0,0.27,0,11.92,0.04,34.2,0.01,1.6,0.01,0.01,0.05,0
20.8,0,0.37,0.02,0,0.01,0.04,0.01,25.63,0,0.09,0.47,1,0.01,0.02,0.29,0,10.56,0.05,26,0.01,2.38,0.03,0.02,0.06,0
8.72,0,0,0.02,0,0,0,0,46.57,2.66,0.06,0.23,0.05,0.01,0,0.03,0,4.59,0.01,18.9,0,0.63,0.01,0,0.04,3
5.05,0,0,0.01,0,0,0,0,51.92,6.97,0,0.46,0.03,0.01,0,0.04,0,2.52,0.01,17.15,0,0.32,0.01,0,0.02,3
4.27,0,0,0.02,0.01,0,0.01,0,58.09,3.95,0,0.35,0.06,0.01,0,0.03,0.01,1.82,0,10.55,0,0.26,0,0,0.02,3
3.68,0.01,0,0.02,0,0,0,0,58.46,3.56,0,0.45,0.09,0.01,0,0.02,0,1.47,0.01,11.2,0,0.27,0.01,0,0.01,3
3.74,0.01,0,0.02,0,0,0,0,57.52,1.43,0,0.18,0.04,0.01,0,0.02,0,1.68,0.01,12.6,0,0.3,0.01,0.01,0.01,3
3.42,0,0,0.02,0,0,0,0,59.06,3.18,0.01,0.65,0.14,0.01,0,0.02,0,1.42,0.01,9.71,0,0.22,0.01,0.01,0.01,3
3.02,0,0,0.02,0,0,0,0,62.12,2.72,0,0.54,0.11,0.01,0,0.02,0,1.45,0.01,6.45,0,0.17,0.01,0.01,0.01,3
2.31,0,0,0.02,0,0,0,0,65.32,4.74,0,1.09,0.17,0.01,0,0.01,0,0.55,0.01,3.14,0,0.09,0.02,0.01,0.01,6
2.65,0,0,0.02,0,0,0,0,64.53,3.07,0,0.69,0.11,0.01,0,0.02,0,1.09,0.01,3.31,0,0.09,0.02,0.01,0.01,6
2.75,0,0,0.02,0,0,0,0,64.59,1.64,0,0.35,0.07,0.01,0,0.02,0,1.89,0.01,3.23,0,0.09,0.03,0,0.01,6
1.08,0.01,0,0.02,0.01,0,0,0.01,67.24,2.85,0,0.57,0.11,0.01,0,0.01,0,0.29,0,1.56,0,0.04,0.02,0,0.01,6
1.03,0,0,0.03,0,0,0,0,67.51,2.11,0,0.44,0.08,0,0,0.01,0,0.42,0,1.34,0,0.03,0.01,0.01,0,6
1.44,0,0,0.02,0.01,0,0,0.01,66.51,3.44,0,0.75,0.11,0.09,0,0.02,0,0.6,0.01,1.94,0,0.04,0.01,0.01,0.01,6
1.78,0.01,0,0.02,0,0,0,0.01,65.97,5.26,0,1.42,0.21,0.02,0,0.02,0.01,0.33,0,2.01,0,0.06,0.01,0.01,0,6
2.12,0.01,0,0.02,0.01,0,0,0.01,65.13,7.86,0,2.25,0.26,0.01,0,0.02,0.01,0.11,0,2.38,0,0.07,0.02,0.01,0.01,6
1.2,0,0,0.01,0,0,0,0.01,66.63,7.58,0,1.35,0.2,0.02,0,0.02,0,-0.25,0,2.01,0,0.04,0.01,0.01,0.01,6
1.54,0.01,0.07,0.01,0,0,0,0.01,65.84,11.35,0,1.5,1.15,0.01,0,0.04,0.02,-0.33,0,1.78,0,0.04,0,0.01,0.01,6
15.25,0,0.41,0.01,0,0.01,0.02,0.01,39.15,2.06,0.12,0.63,2.74,0.01,0.01,0.09,0.05,5.72,0.01,17.1,0.01,0.59,0.01,0,0.03,1
15.5,0,0.18,0.02,0,0,0.02,0,40.95,0,0.01,0.15,1.05,0,0.01,0.12,0.01,6.17,0.02,16.75,0,1.04,0.02,0,0.05,0
15.45,0,0.29,0.03,0.01,0,0.03,0.01,40.3,2.53,0.04,0.5,0.37,0.03,0.02,0.28,0.01,6.31,0.02,16.95,0.02,1.4,0.02,0.01,0.1,0
28.3,0,0.7,0.04,0,0,0.01,0,16.4,0.16,0.03,0.19,0.21,0,0,0.51,0.01,12.17,0.05,32,0.02,1.47,0.01,0.01,0.05,0
22.1,0,0.31,0.03,0,0,0.01,0.01,27.35,1.24,0,0.31,0.26,0,0.01,0.36,0,10.95,0.06,24,0.01,2.05,0.02,0.01,0.04,0
22.8,0,0.05,0.01,0.01,0,0.02,0.01,26.38,0.36,0.05,0.16,0.25,0.05,0.01,0.19,0,11.03,0.05,26.3,0,1.62,0.02,0.01,0.09,0
27.7,0,0.02,0.01,0,0,0.01,0,8.46,0.04,0.03,0.07,0.02,0,0,0.07,0,10.97,0.02,47.1,0,1.74,0.01,0,0.06,0
3.23,0,0,0.02,0.01,0,0,0,62.28,2.65,0,0.23,0.07,0.01,0,0.02,0,1.45,0.01,5.76,0,0.12,0,0,0.01,3
2.77,0,0.01,0.02,0,0,0,0,56.88,1.7,0,0.11,0.04,0.02,0,0.02,0.01,1.19,0.01,14.25,0,0.16,0.01,0,0.01,3
1.54,0,0.01,0.03,0,0,0,0,59.35,0.9,0,0.05,0.04,0.02,0,0.02,0.01,0.72,0,12.6,0,0.09,0.01,0,0,3
2.2,0,0.01,0.02,0,0,0,0.05,56.37,1,0,0.06,0.03,0.02,0,0.02,0.01,0.93,0.01,15.9,0,0.19,0.01,0.01,0.01,3
2.66,0,0.01,0.02,0,0,0,0,53.39,2.49,0,0.12,0.04,0,0,0.03,0.01,0.95,0.01,19.45,0,0.32,0.01,0,0.01,3
1.76,0,0.03,0.03,0,0,0,0,52.42,3.77,0,0.2,0.04,0.02,0,0.04,0.01,0.48,0,22.1,0,0.29,0,0,0,6
2.38,0,0.01,0.02,0,0,0.01,0.01,60.45,3.88,0,0.28,0.16,0.01,0.01,0.03,0.01,0.75,0,9.42,0,0.54,0.01,0,0.01,6
1.28,0,0.02,0.02,0,0,0,0.01,61.14,1.91,0,0.32,0.24,0.02,0.01,0.05,0.01,1.12,0.01,9.3,0,0.12,0.01,0.01,0,6
0.75,0,0.02,0.02,0,0,0,0,47.34,0.77,0,0.04,0.11,0.02,0,0.02,0.01,0.21,0,31,0,0.08,0.01,0,0,7
1.68,0,0.08,0.02,0,0,0,0.01,50.07,0.67,0,0.05,0.34,0.02,0,0.07,0.05,0.83,0.01,24.9,0,0.19,0.01,0,0,7
1.16,0.01,0.05,0.03,0,0,0,0,45.76,0.7,0,0.03,0.12,0.03,0,0.06,0.02,0.35,0,33.1,0,0.05,0,0,0,7
18.35,0,0.21,0.02,0,0,0.02,0.01,31.92,0.98,0.23,0.13,0.44,0.04,0.01,0.13,0.03,6.91,0.03,24.6,0.01,3.45,0.02,0,0.06,0
24.2,0,0.18,0.03,0,0,0.01,0,21.93,1.67,0.4,0.24,0.3,0.03,0,0.12,0,8.82,0.03,29.6,0.01,4.31,0.02,0,0.06,0
7.28,0,0.12,0.02,0,0.01,0.02,0,20.77,0,0.02,0.03,0.52,0.04,0.01,0.03,0.03,2.92,0.01,59.4,0,0.32,0.02,0,0.02,1
3.45,0,0.03,0.02,0,0,0,0,2.35,0.32,0.04,0.02,0.1,0.05,0,0.01,0.01,1.29,0,91.5,0,0.1,0,0,0.02,5
4.37,0,0.03,0.03,0,0,0.01,0,10.14,0.39,0.05,0.03,0.12,0.04,0,0.02,0.01,1.9,0.01,78.6,0,0.27,0.01,0,0.03,5
1.9,0,0.02,0.02,0,0,0,0.01,56.19,5.18,0,0.4,0.08,0.01,0,0.03,0.01,0.79,0.01,16.4,0,0.09,0,0,0.01,3
0.91,0,0.01,0.03,0,0,0,0,49.25,1.49,0,0.14,0.21,0.03,0,0.02,0.01,0.29,0,28,0,0.07,0,0,0.01,7
17.6,0,1115,0.06,0,0,0.02,0.01,35.73,6.55,0,0.66,0.42,0.03,0.02,0.66,0.01,6.35,0.02,20.3,0.05,0.75,0.02,0.01,0.06,0
13.55,0,1225,0.06,0,0,0.01,0,41.97,7.76,0,0.69,0.52,0.02,0.02,0.7,0,4.72,0.02,16.15,0.04,0.93,0.02,0.01,0.06,0
11.55,0,0.76,0.05,0,0,0.01,0.01,30.84,4.09,0.04,0.35,0.38,0.04,0.02,0.45,0.01,4.82,0.02,36.2,0.02,0.43,0.01,0.01,0.04,0
4.89,0,0.04,0.02,0,0,0.01,0,9.26,0.77,0.02,0.04,0.14,0.04,0.01,0.02,0.01,1.91,0.01,79.4,0,0.21,0.01,0,0.02,5
2.12,0,0.01,0.02,0,0,0.01,0,2.94,0.59,0.02,0.01,0.03,0.03,0.02,0.01,0,0.67,0,92.1,0,0.12,0,0,0.02,5
4.89,0,0.33,0.02,0,0.01,0.01,0.01,50.2,2.27,0.03,0.38,1.85,0.03,0,0.09,0.04,4.54,0.02,15.4,0,0.33,0.01,0.01,0.01,3
8.26,0,0.09,0.01,0,0,0.01,0,39.72,2.52,0.01,0.26,0.5,0.02,0,0.05,0.02,5.04,0.02,28.3,0,0.57,0.01,0.01,0.03,3
6.93,0,0.04,0.01,0,0,0.02,0,43.45,2.05,0.01,0.18,0.26,0.02,0.01,0.11,0.03,6.07,0.03,23.8,0,0.44,0.01,0.01,0.02,3
6.15,0,0.3,0.03,0,0,0.02,0,45.22,2.36,0.01,0.3,0.66,0.02,0.01,0.19,0.06,4.59,0.03,22.2,0.01,0.39,0.01,0.01,0.02,3
1.36,0,0.01,0.01,0,0,0.01,0.01,49.96,5.14,0,0.5,0.07,0.01,0,0.05,0.01,1.02,0.01,26,0,0.16,0.01,0,0.01,7
0.85,0,0,0.01,0,0,0,0,47.67,11.25,0,0.62,0.06,0.01,0,0.03,0.01,-0.25,0.01,29.9,0,0.04,0,0,0,7
0.21,0,0,0.03,0,0,0,0,47.1,4.03,0,0.17,0.01,0.02,0,0.02,0,-0.2,0,32.4,0,0,0,0,0,7
1.27,0,0.11,0.03,0.08,0,0.01,0,49.84,0.95,0.01,0.1,0.61,0.58,0,0.03,0.08,0.91,0.01,25.6,0,0.01,0,0,0,7
0.5,0,0,0.02,0,0,0,0,56.42,0.95,0,0.02,0.02,0.01,0,0.03,0,0.44,0.01,18.25,0,0,0,0,0,7
0.49,0,0.01,0.05,0.01,0,0,0,67.87,0.63,0,0.05,0.06,0.02,0,0.04,0.02,0.56,0.01,1.6,0,0.01,0,0,0,6
0.43,0,0.02,0.06,0.01,0,0,0,68.67,1.96,0,0.35,0.14,0.01,0,0.04,0.02,0.09,0,0.6,0,0,0,0,0,6
0.73,0,0.02,0.05,0,0,0,0,68.27,2.28,0,0.39,0.17,0.01,0,0.02,0.01,0.22,0,1.14,0,0.01,0,0,0,6
0.32,0.01,0,0.05,0.01,0,0,0,69.08,2.83,0,0.49,0.12,0,0,0.02,0.01,-0.17,0,0.77,0,0.02,0,0,0,6
0.27,0,0.01,0.07,0,0,0,0,69.09,2.48,0,0.38,0.1,0.01,0,0.01,0,-0.16,0,0.74,0,0.01,0,0,0,6
0.25,0.01,0,0.04,0,0,0,0,68.89,4.05,0,0.87,0.15,0,0,0.02,0.01,-0.3,0,0.5,0,0.01,0,0,0,6
0.27,0,0,0.04,0.01,0,0,0,69.06,2.26,0,0.39,0.09,0,0,0.01,0,-0.12,0,0.52,0,0,0,0,0,6
0.42,0,0,0.04,0.01,0,0,0,68.94,2.19,0,0.47,0.12,0,0,0.03,0.01,0,0,0.31,0,0.01,0,0,0,6
0.41,0,0.02,0.04,0.01,0,0,0,69.01,1.62,0,0.2,0.15,0,0,0.03,0,0.1,0,0.99,0,0.01,0,0,0,6
0.4,0,0.02,0.03,0.01,0,0,0,67.3,1.5,0,0.3,0.16,0.02,0,0.03,0,0.11,0,2.68,0,0.01,0,0,0,6
1.02,0,0.03,0.03,0,0,0,0,54.32,0.46,0,0.04,0.19,0.01,0,0.03,0.01,0.47,0,20.2,0,0.02,0,0,0,7
0.14,0.01,0.09,0.02,0,0,0,0,47.38,0.1,0,0.01,0.44,0,0,0.02,0.01,0.05,0,31.5,0,0.01,0,0,0,7
0.3,0.01,0.03,0.04,0,0,0.01,0,66.87,1.43,0,0.34,0.23,0,0.01,0.04,0.01,0.14,0,3.51,0,0.01,0.01,0,0,6
0.25,0,0.03,0.04,0.01,0,0.01,0.01,68.19,2.55,0,0.52,0.29,0,0,0.01,0,-0.1,0,1.31,0,0.01,0.01,0,0,6
0.37,0,0.04,0.03,0,0,0,0,68.33,2.95,0,0.58,0.24,0,0,0.06,0,-0.07,0,0.73,0,0.02,0.01,0,0.01,6
0.44,0,0.02,0.03,0,0,0,0,68.49,7.61,0,1.64,0.28,0,0,0.03,0,-0.51,0,0.62,0,0.01,0.01,0,0.01,6
1.08,0,0.06,0.03,0.01,0,0,0,66.36,9.53,0,2.4,0.34,0.02,0,0.11,0,-0.42,0,0.85,0,0.02,0.01,0,0.01,6
0.71,0,0.02,0.03,0.01,0,0,0,66.84,14.5,0,3.01,0.33,0.01,0,0.06,0,-1.04,0,0.93,0,0.03,0.01,0.01,0.01,6
0.78,0.01,0.01,0.03,0,0,0,0,63.01,9.85,0,1.8,0.31,0.01,0,0.03,0.01,-0.44,0,7.57,0,0.02,0,0.01,0,6
0.46,0,0.01,0.02,0,0,0,0,65.24,12.2,0,0.57,0.26,0,0,0.07,0,-0.24,0,5.3,0,0.01,0,0.01,0,6
13.7,0,0.98,0.41,0,0.01,0.01,0,30.86,0,0.05,0.72,11.05,0.03,0.02,0.25,0,8.48,0.01,15.8,0,0.28,0,0.03,0.02,1
10.65,0,0.1,0.04,0,0,0.02,0,45.12,0.16,0.11,0.42,0.78,0.02,0.01,0.17,0,5.43,0,16.3,0,0.8,0.01,0.01,0.07,1
13.85,0,0.02,0.62,0.01,0,0.03,0,37.69,0.75,0.07,1.08,0.28,0.02,0.01,0.26,0,6.39,0,21.9,0,1.12,0.02,0.01,0.11,1
15.15,0,0.02,1.2,0.01,0,0.03,0,28.01,0.25,0.25,1.68,0.17,0.04,0.01,0.38,0,7.4,0,32.5,0,0.62,0.02,0.01,0.07,1
8.95,0,0.01,3.56,0.01,0,0.02,0,20.1,0.54,0.04,4.25,0.12,0.09,0.02,1.03,0,7.06,0,44.7,0,0.68,0.01,0.02,0.02,0
16,0,0.3,1.34,0,0.01,0.02,0,14.52,0,0.06,8.13,1.22,0.05,0.03,0.27,0,9.85,0,40.5,0,1.3,0.01,0.04,0.02,1
3.71,0,0.01,0.02,0,0,0,0,58.4,3.63,0,0.39,0.13,0,0,0.02,0,1.39,0.01,10.4,0,0.14,0,0,0,2
3.59,0.01,0,0.02,0.01,0,0,0,57.31,1.27,0,0.12,0.09,0.06,0,0.03,0,1.58,0.01,12.8,0,0.16,0,0,0.01,2
4.04,0,0.01,0.01,0,0,0.01,0,59.12,5.11,0,1,0.34,0.01,0.01,0.02,0,1.29,0.01,8.88,0,0.16,0.01,0,0.01,2
6.57,0,0.11,0.01,0,0,0.01,0,53.49,5.45,0,1.09,3.43,0.01,0.01,0.04,0.03,2.05,0.01,8.49,0,0.38,0.01,0.01,0.02,6
7.37,0,0.05,0.01,0,0,0.02,0,54.07,3.8,0,0.58,1.54,0.01,0.01,0.05,0.01,2.52,0.01,8.95,0,0.81,0.02,0.01,0.04,1
11.95,0,0.09,0.02,0,0,0.03,0,45.09,2.76,0.01,0.74,0.85,0.02,0.01,0.12,0.01,4.42,0.02,14.9,0,1.56,0.02,0.01,0.09,1
26.5,0,0.2,0.03,0,0,0.01,0,20.15,0.93,0.02,0.22,0.18,0.03,0,0.26,0.01,10.93,0.04,30.6,0.01,2.16,0.01,0,0.06,0
13.55,0,0.22,0.05,0,0,0.01,0,30.09,1.01,0.01,0.16,0.2,0.04,0.01,0.25,0.01,6.45,0.03,34.2,0.01,1.62,0.02,0,0.03,0
6.57,0,0.05,0.05,0,0,0.01,0,29.19,0.64,0,0.05,0.03,0.03,0.02,0.15,0,4.24,0.04,46.4,0,0.42,0.01,0.01,0.01,0
23.9,0,0.02,0.02,0,0,0.01,0,20.55,0.46,0.04,0.26,0.05,0.04,0.01,0.1,0,10.56,0.05,35.2,0,0.76,0.01,0,0.04,0
20.2,0,0.05,0.02,0,0,0.01,0,13.28,0.61,0.07,0.12,0.04,0.02,0,0.1,0,8.22,0.03,51.9,0,0.55,0,0,0.02,4
1.43,0.01,0.01,0.02,0,0,0,0.01,53.91,1.48,0,0.23,0.1,0,0,0.02,0.01,0.51,0,21.2,0,0.07,0,0,0.01,7
3.42,0,0.04,0.03,0,0,0,0.01,62.81,2.64,0.01,0.48,0.31,0,0,0.02,0.01,1.23,0,4.34,0,0.16,0,0,0,6
2.59,0,0.02,0.04,0.01,0,0,0.01,64.41,0.89,0.02,0.16,0.17,0,0,0.02,0.01,1.15,0,4.01,0,0.25,0.01,0,0.01,6
1.54,0,0.01,0.04,0.01,0,0,0.01,65.91,1.44,0,0.25,0.17,0,0,0.02,0,0.6,0,2.97,0,0.06,0,0,0,6
1.44,0.01,0.14,0.03,0.01,0,0,0.01,64.63,0.21,0.01,0.23,0.76,0,0,0.02,0.01,0.63,0,4.62,0,0.06,0,0.01,0,6
2.92,0.01,0.1,0.04,0.01,0,0,0.01,63.8,0.79,0,0.26,0.57,0,0,0.04,0.01,1.32,0,3.79,0,0.07,0.01,0.01,0.01,6
1.4,0.01,0.12,0.04,0.01,0,0,0,66.98,0.04,0.01,0.17,0.66,0.01,0,0.02,0.01,0.67,0.01,1.68,0,0.04,0,0,0,6
1.36,0,0.09,0.04,0.01,0,0,0.01,65.81,1.31,0,0.39,0.58,0,0,0.02,0.01,0.55,0,2.53,0,0.06,0,0.01,0,6
0.59,0.01,0.03,0.04,0.01,0,0,0.01,68.29,1.67,0,0.26,0.23,0,0,0.01,0.01,0.01,0,1.28,0,0.04,0,0.01,0,6
1.1,0.01,0.02,0.03,0.01,0,0,0.01,67.37,0.77,0,0.17,0.17,0,0,0.02,0.01,0.47,0,1.8,0,0.05,0,0,0,6
0.93,0.01,0.03,0.03,0.01,0,0.01,0.01,67.15,2.27,0,0.42,0.24,0,0,0.02,0.01,0.18,0,2.68,0,0.05,0.01,0,0,6
0.98,0.01,0.03,0.02,0.01,0,0,0.01,65.01,0.43,0,0.1,0.22,0,0.01,0.03,0,0.55,0,5.08,0,0.03,0.01,0,0,6
0.7,0,0.03,0.04,0.01,0,0.01,0.01,65.37,0.6,0,0.09,0.25,0,0.01,0.04,0,0.53,0,4.65,0,0.03,0.01,0,0,6
0.63,0.01,0.04,0.02,0.01,0,0,0.01,57.54,0.49,0,0.05,0.24,0,0,0.02,0,0.26,0,16.65,0,0.03,0.01,0,0,7
1.47,0.01,0,0.02,0.01,0,0,0.01,58.42,1.21,0,0.19,0.07,0,0,0.05,0.01,0.93,0,14.5,0,0.03,0.01,0,0,7
0.46,0.01,0.03,0.03,0.01,0,0,0.01,68.24,4.68,0,1.17,0.35,0,0,0.02,0.01,-0.22,0,0.69,0,0.02,0.06,0.01,0.01,6
0.22,0.01,0.02,0.02,0.01,0,0,0.01,68.92,3.01,0,0.59,0.28,0,0,0.01,0,-0.15,0,0.31,0,0.03,0.01,0,0.01,6
0.18,0.01,0.02,0.01,0.01,0,0,0.01,69.24,1.72,0,0.37,0.25,0,0,0.02,0.01,-0.05,0,0.32,0,0.01,0.01,0,0.01,6
0.66,0.01,0.03,0.02,0.01,0,0,0.01,67.82,5.39,0,1.24,0.37,0,0,0.03,0,-0.25,0,0.83,0,0.02,0.02,0,0.01,6
0.61,0.01,0.04,0.02,0.01,0,0,0,67.89,6.06,0,1.32,0.32,0,0,0.05,0,-0.43,0,0.5,0,0.01,0.02,0,0,6
0.66,0.01,0.04,0.02,0.01,0,0,0.01,67.59,7.96,0,1.95,0.47,0,0,0.03,0.01,-0.61,0,0.59,0,0.03,0.02,0.01,0.01,6
0.9,0.01,0.04,0.02,0.01,0,0,0.01,62.89,6.94,0,1.62,0.46,0,0,0.05,0,-0.29,0,7.09,0,0.02,0.01,0.01,0.01,6
0.41,0.01,0.02,0.02,0,0,0,0,60.66,10.2,0,0.52,0.28,0.02,0,0.04,0.01,-0.53,0.01,12.7,0,0.01,0,0,0,6
4.91,0.01,0.23,0.02,0,0.01,0.02,0.01,53.41,2.7,0,0.38,1.35,0,0.01,0.14,0,2.91,0,12.65,0,0.24,0,0.01,0.02,7
16.65,0,0.31,0.05,0.01,0.01,0.02,0.01,35.45,0,0.39,0.76,1.17,0.03,0.02,0.27,0,7.67,0,20.1,0.01,1.26,0.02,0.02,0.04,1
23.8,0,0.27,0.14,0,0.01,0.03,0.01,16.19,0.47,0.02,1.96,0.9,0.02,0.02,0.33,0,10.88,0,35,0,3.17,0.01,0.02,0.03,0
21.2,0,0.08,0.3,0,0.01,0.03,0,11.38,0,0.02,3.46,0.56,0.01,0.04,0.24,0,10.96,0,44.8,0,1.46,0,0.03,0.02,0
16.8,0,0.09,0.31,0,0.01,0.02,0,10.61,0,0.02,6.66,0.62,0.02,0.04,0.3,0,10.68,0,47.7,0,0.84,0,0.04,0.01,0
5.59,0,0,0.03,0.01,0,0.01,0,58.25,5.49,0.01,0.77,0.16,0.01,0,0.04,0.01,2.79,0.01,7.52,0,0.25,0.01,0.01,0.01,3
4.47,0,0.02,0.02,0,0,0.01,0,48.76,7.24,0,0.48,0.15,0.02,0,0.05,0.01,2.44,0.01,22.4,0,0.25,0.01,0.01,0.01,3
2.48,0,0.01,0.02,0,0,0,0,57,7.42,0,0.72,0.16,0,0,0.02,0.01,0.68,0.01,14.05,0,0.08,0.01,0,0,3
2.18,0,0,0.02,0.01,0,0,0,64.01,6.09,0,1.46,0.19,0.01,0,0.02,0.01,0.6,0.01,3.85,0,0.06,0,0,0,3
1.92,0,0,0.02,0.01,0,0,0,55.98,2.79,0,0.6,0.09,0.01,0,0.01,0,0.79,0.01,16.4,0,0.07,0,0,0,3
0.98,0,0,0.02,0,0,0,0,48.45,0.89,0,0.05,0.01,0.02,0,0.01,0,0.49,0.01,29.1,0,0.03,0,0,0,7
1.11,0.01,0,0.03,0,0,0,0,50.35,1.12,0,0.09,0.04,0.01,0,0.02,0.01,0.74,0.01,26.2,0,0.03,0,0,0,7
1.4,0,0,0.02,0,0,0,0,49.97,0.69,0,0.05,0.01,0.01,0,0.02,0,1,0.01,26,0,0.03,0,0,0,7
0.67,0.01,0,0.02,0,0,0,0,50.25,0.78,0,0.05,0.01,0.01,0,0.01,0,0.39,0.01,27.1,0,0.01,0,0,0,7
0.93,0,0.01,0.03,0,0,0,0,67.44,1.96,0,0.36,0.13,0,0,0.02,0.01,0.36,0.01,2.37,0,0.01,0,0,0,6
0.68,0,0.02,0.03,0,0,0,0,67.8,2.75,0,0.57,0.22,0.01,0,0.02,0.01,0.09,0,1.58,0,0,0,0.01,0,6
0.5,0,0,0.02,0,0,0,0.01,67.46,4.79,0,0.95,0.17,0,0,0.02,0.01,-0.02,0.01,2.25,0,0,0,0,0,6
0.93,0.01,0,0.03,0.01,0,0,0,67.43,5.46,0,1.16,0.22,0.01,0,0.02,0.01,-0.12,0.01,1.36,0,0.02,0.01,0,0,6
1.08,0,0,0.02,0,0,0,0,67.03,2.62,0,0.38,0.09,0.01,0,0.02,0,0.37,0.01,2.5,0,0.01,0,0,0,6
0.96,0,0,0.02,0,0,0,0,66.26,3.11,0,0.72,0.14,0.01,0,0.02,0,0.12,0.01,3.27,0,0.01,0.01,0,0,6
1.3,0,0,0.02,0,0,0,0,65.36,2.65,0,0.54,0.1,0.01,0,0.02,0,0.57,0.01,3.99,0,0.02,0,0,0,6
1.19,0,0,0.02,0,0,0,0,53.29,0.97,0,0.09,0.04,0.01,0,0.03,0,0.6,0.01,21.4,0,0.01,0,0,0,7
0.85,0,0.02,0.02,0,0,0,0,65.75,14.75,0,2.23,0.3,0.01,0,0.04,0.01,-0.99,0.01,3.34,0,0.01,0,0.01,0,6
0.67,0,0.02,0.04,0,0,0,0,67.91,12.85,0,1.66,0.3,0.01,0,0.05,0,-0.76,0.01,0.77,0,0.01,0,0.01,0,6
0.71,0,0.03,0.04,0.01,0,0,0,68.04,12.1,0,1.59,0.31,0.01,0,0.05,0.01,-0.67,0.01,0.79,0,0.01,0,0.01,0,6
11.5,0,0.74,0.02,0,0.01,0.01,0,40.43,0,0.07,0.43,3.6,0.02,0.01,0.13,0,5.82,0.02,17.65,0,0.47,0.01,0.01,0.03,1
9.03,0,0.14,0.02,0,0,0.02,0.01,50.35,1.23,0.02,0.75,1.07,0.02,0.01,0.13,0,4.31,0.01,10.75,0,1.21,0.02,0.01,0.12,1
16.75,0,0.03,0.02,0,0,0.02,0,37.57,0.82,0,0.58,0.47,0.02,0.01,0.11,0,6.82,0.01,19.85,0,1.14,0.02,0,0.11,0
17.7,0,0.11,0.06,0,0,0.04,0,32.41,0.65,0.25,0.69,0.34,0.06,0.01,0.27,0,7.85,0.01,24.2,0.01,1.56,0.02,0.01,0.29,0
11.95,0,0.03,0.12,0,0,0.03,0,31.33,2.47,0.22,0.87,0.16,0.05,0.01,0.16,0,4.9,0,35.8,0,0.55,0.02,0.01,0.04,0
14.8,0,0.02,0.38,0,0,0.02,0,21.69,0.71,0.21,1.42,0.07,0.05,0.01,0.18,0,6.75,0,44.8,0,0.5,0.01,0.01,0.03,0
4.8,0.01,0.1,0.02,0.01,0,0.01,0.01,58.72,2.52,0.01,0.33,0.61,0,0,0.04,0.02,3.3,0,6.46,0,0.2,0.01,0.01,0.01,3
8.06,0.01,0.02,0.02,0,0,0.01,0.01,41.24,2.24,0.01,0.23,0.18,0,0,0.03,0.01,3.9,0.01,28.4,0,0.64,0.01,0.01,0.03,3
13.65,0,0,0.02,0,0,0.02,0,28.89,1.51,0.04,0.15,0.07,0.01,0,0.03,0.01,6.57,0.02,37.1,0,1.3,0.02,0,0.05,3
14.2,0,0.01,0.04,0,0,0.02,0.01,31.1,1.22,0.26,0.12,0.09,0.02,0,0.06,0.01,7.22,0.03,30.1,0,3.33,0.04,0.01,0.05,3
5.89,0,0.31,0.02,0,0.01,0.01,0.01,43.41,2.83,0.07,0.31,1.76,0.02,0,0.05,0.15,3.16,0.02,23.7,0,0.84,0.02,0.01,0.02,3
6.77,0,0.01,0.03,0,0,0.03,0,43.16,6.46,0.06,0.35,0.13,0.03,0,0.04,0.02,3.35,0.03,26.9,0,0.44,0.03,0.01,0.01,3
1.46,0,0.02,0.02,0,0,0,0.01,47.83,8.85,0.01,0.49,0.17,0.02,0,0.04,0.02,0.3,0.01,28.9,0,0.05,0,0.01,0,1
2.65,0,0.03,0.02,0,0,0.01,0.01,54.02,4.99,0.01,0.37,0.24,0.02,0,0.07,0.04,1.33,0.01,17.9,0,0.17,0.01,0,0,1
0.79,0.01,0.03,0.03,0,0,0,0.01,66.05,0.67,0.01,0.07,0.2,0.01,0,0.03,0.03,0.52,0.01,3.83,0,0.03,0,0,0,6
0.45,0.01,0.02,0.04,0,0,0,0.01,68.08,4.8,0,0.78,0.3,0,0,0.02,0.03,-0.26,0,1.48,0,0.02,0,0,0,6
1.04,0,0.03,0.04,0,0,0,0,67.58,4.15,0,0.62,0.22,0,0,0.02,0.01,-0.15,0,1.22,0,0.01,0,0,0,6
8.06,0.01,0.03,0.02,0,0,0,0,55.02,5.87,0,0.84,0.34,0.01,0,0.03,0.02,2.81,0.02,9.23,0,0.02,0,0,0.01,1
20.6,0,0.05,0.02,0,0,0.01,0,31.89,0,0.01,0.05,0.27,0.02,0,0.05,0.02,9.26,0.04,23.7,0,0.12,0,0,0.01,1
7.25,0.01,0.04,0.02,0,0,0.01,0.01,55.34,2.99,0,0.53,0.3,0.01,0,0.05,0.02,2.94,0.01,10.1,0,0.02,0.01,0,0.01,7
2.75,0,0.04,0.03,0.01,0,0,0,64.54,4.87,0,0.8,0.36,0,0,0.02,0.01,0.41,0,3.16,0,0.01,0,0,0,6
0.79,0.01,0.04,0.03,0,0,0,0.01,66.64,2.62,0,0.44,0.31,0.01,0,0.03,0.02,0.02,0,3.27,0,0.01,0,0,0,6
0.27,0,0.05,0.03,0.01,0,0.01,0,62.61,5.08,0,0.97,0.43,0,0.01,0.02,0.01,-0.45,0,8.98,0,0,0,0,0,6
0.71,0,0.02,0.03,0.01,0,0,0,67.87,7.97,0,1.58,0.31,0.01,0,0.03,0.01,-0.58,0,0.89,0,0.02,0,0,0,6
1.06,0.01,0.06,0.03,0,0,0,0.01,64.28,4.94,0,1.22,0.45,0.01,0,0.03,0.01,0.01,0,5.23,0,0.02,0.01,0,0,6
0.56,0,0.01,0.02,0,0,0,0,44.55,1.08,0,0.11,0.07,0.01,0,0.01,0,0.15,0,35.4,0,0,0,0,0,7
1.02,0,0.01,0.02,0.01,0,0,0,52.26,1.87,0,0.29,0.14,0,0,0.02,0,0.34,0,23.1,0,0.01,0,0,0,7
2.61,0,0.03,0.03,0.01,0,0,0,63.63,2.94,0,0.49,0.23,0,0,0.04,0,0.71,0,4.69,0,0.03,0.03,0,0,6
0.32,0.01,0.01,0.03,0,0,0,0,68.44,5.94,0,1.42,0.2,0.01,0,0.03,0,-0.49,0,0.61,0,0.01,0.03,0,0.01,6
0.49,0,0.01,0.03,0,0,0,0,68.47,5.41,0,1.06,0.21,0,0,0.02,0,-0.34,0,0.68,0,0.01,0.02,0,0.01,6
0.99,0,0.02,0.04,0.01,0,0,0,67.14,5.71,0,1.12,0.25,0,0,0.04,0,-0.14,0,1.43,0,0.01,0.02,0,0,6
0.56,0,0.01,0.04,0,0,0,0,68.43,5.26,0,0.89,0.2,0,0,0.03,0,-0.3,0,0.69,0,0,0.01,0,0,6
0.58,0,0.04,0.03,0,0,0,0,68.4,4.44,0,0.8,0.29,0,0,0.02,0,-0.13,0,0.77,0,0.01,0.02,0.01,0,6
1.5,0,0.04,0.02,0,0.01,0,0.01,66.87,5.95,0,1.16,0.37,0,0,0.03,0,0.01,0,1.57,0,0.01,0,0.01,0,6
1.36,0,0.02,0.02,0,0,0,0,59.19,6.32,0,1.18,0.26,0,0,0.03,0,-0.03,0,12.4,0,0.02,0,0,0,6
1.54,0.01,0.02,0.02,0,0,0,0.01,53.64,1.93,0,0.24,0.22,0.01,0,0.03,0.01,0.53,0,21.1,0,0.01,0,0,0,7
0.66,0,0.02,0.01,0,0.01,0,0,45.58,0.5,0,0.08,0.18,0,0,0.03,0,0.41,0,33.1,0,0,0,0,0,7
5.82,0,0.5,0.03,0,0.02,0.01,0.01,43.65,0,0.01,0.55,4.33,0,0.01,0.1,0,2.95,0,21.6,0,0.1,0,0.01,0.01,1
11,0,1.25,0.99,0,0,0,0,31.96,0,0.03,1.5,11.25,0.02,0.03,0.16,0,5.93,0,17.85,0,0.15,0.01,0.04,0.02,1
12.5,0,0.56,2.82,0,0,0.01,0,27.99,0,0.03,1.94,12.3,0.03,0.07,0.26,0.01,3.38,0,22.2,0,0.21,0.01,0.04,0.02,1
16.3,0,0.23,1.02,0,0,0.02,0,26.66,0,0.47,1.94,1.78,0.04,0.02,0.23,0,7.41,0,30.4,0,0.87,0.01,0.03,0.1,0
17.2,0,0.28,1.77,0.01,0,0.01,0,14.19,0,0.08,4.29,1.1,0.03,0.02,0.53,0,9.12,0,43.6,0,0.67,0.01,0.04,0.04,0
17.9,0,0.01,1.96,0.01,0,0.01,0,12.17,1.83,0.02,5.01,0.09,0.03,0.02,0.49,0,9.86,0,43.7,0,3.42,0,0.03,0.02,0
5.76,0,0,0.03,0.01,0,0.01,0,58.67,5.05,0,0.75,0.15,0,0,0.04,0,3.08,0.01,5.95,0,0.21,0.01,0,0.01,3
5.27,0,0,0.02,0,0,0.01,0,58.94,1.92,0,0.22,0.06,0,0,0.05,0,3.28,0.01,6.84,0,0.17,0.01,0.01,0.01,3
3.17,0.01,0,0.03,0.01,0,0,0.01,61.31,2.17,0,0.34,0.07,0.02,0,0.05,0,1.84,0.01,6.9,0,0.09,0.01,0,0.01,3
1.88,0,0,0.02,0,0,0,0,65.78,5.51,0,1.26,0.19,0,0,0.01,0,0.32,0,2.73,0,0.05,0.01,0.01,0,6
2.28,0,0,0.02,0,0,0,0,65.38,4.09,0,0.79,0.13,0,0,0.01,0,0.64,0,2.86,0,0.06,0.04,0,0.01,6
2.43,0,0,0.01,0,0,0,0,64.87,3.68,0,0.82,0.12,0,0,0.01,0,0.86,0.01,2.85,0,0.06,0.02,0,0.01,6
3.09,0,0,0.02,0,0,0,0,63.84,2.55,0,0.57,0.1,0,0,0.01,0,1.19,0.01,3.87,0,0.08,0.01,0,0.01,6
2.88,0,0,0.01,0,0,0,0,63.68,7.69,0,1.9,0.25,0,0,0.02,0,0.45,0.01,3.34,0,0.07,0.02,0.01,0,6
2.84,0,0,0.01,0,0,0,0.01,64.09,6.87,0,1.88,0.23,0,0,0.02,0,0.59,0.01,2.97,0,0.06,0.02,0.01,0,6
2.07,0,0.01,0.02,0,0,0.01,0,64.47,4.69,0,1.1,0.17,0,0.01,0.02,0,0.53,0.01,4.02,0,0.05,0.02,0,0.01,6
3.58,0.01,0.02,0.01,0,0,0,0.01,58.97,0.87,0,0.14,0.12,0,0,0.04,0.01,1.75,0,9.89,0,0.08,0.01,0,0,7
2.85,0.01,0.02,0.01,0.01,0,0,0.01,64,6.08,0,1.42,0.28,0.01,0,0.02,0.01,0.59,0.01,3.36,0,0.05,0.01,0,0.01,6
2.34,0.01,0,0.01,0,0,0,0,62.26,2.43,0,0.43,0.18,0,0,0.02,0.01,0.93,0,7.24,0,0.05,0.01,0,0.01,6
2.53,0,0,0.01,0,0,0,0,62.98,13.45,0,2.01,0.48,0,0,0.02,0,-0.42,0,5.09,0,0.06,0,0.01,0,6
2.47,0.01,0.05,0.01,0,0,0,0.01,64.56,14.9,0,1.74,0.75,0,0,0.02,0.01,-0.43,0,2.74,0,0.05,0,0.01,0.02,6
4.75,0.01,0.28,0.01,0,0.01,0.02,0.01,57.19,4.14,0,0.87,4.05,0,0.01,0.08,0.07,2.59,0.01,4.02,0,0.15,0.01,0.01,0.01,6
4.93,0,0.33,0.01,0,0.01,0.01,0.01,55.49,6.67,0,1.3,6.05,0,0.01,0.04,0.06,1.06,0,4.62,0,0.18,0.01,0,0,6
9.59,0.01,0.61,0.02,0,0.01,0.01,0.01,46.45,2.15,0.01,0.99,6.29,0.02,0.01,0.05,0.02,3.58,0.02,10.3,0,0.18,0,0,0.01,1
17.75,0,0.12,0.01,0,0,0.02,0,35.89,0,0.21,0.18,0.79,0.01,0.01,0.08,0.01,7.86,0.02,20.4,0,1.12,0.02,0.01,0.1,0
23,0,0.42,0.04,0,0,0.02,0,24.93,0.32,0.02,0.35,0.8,0.04,0.01,0.31,0.01,9.87,0.04,25.8,0.01,2.43,0.02,0.01,0.33,0
33.8,0,0.09,0.02,0,0,0.01,0,9.12,0.09,0,0.13,0.04,0.03,0,0.18,0,13.29,0.02,39,0,0.49,0,0.01,0.05,0
29.5,0,0.91,0.09,0,0,0.02,0,14.04,0,0.03,1.06,1.04,0.05,0.01,0.7,0,12.14,0.05,31.2,0.04,1.44,0.01,0.01,0.03,0
11.3,0,0,0.02,0,0,0.01,0,39.48,2.44,0.02,0.2,0.1,0.02,0,0.06,0.01,6.86,0.01,24.1,0,1,0.01,0,0.06,3
12.95,0,0,0.02,0,0,0.01,0,35.99,2.27,0.03,0.18,0.08,0.01,0,0.04,0,6.94,0.01,26.9,0,1.1,0.01,0,0.07,3
3.96,0,0,0.01,0,0,0,0.01,46.8,0.44,0.04,0.05,0.04,0,0,0.2,0,7.24,0.01,20.3,0,0.66,0.01,0.01,0.01,7
0.63,0,0,0.01,0,0,0.01,0,50.04,0.45,0,0.21,0.09,0,0,0.1,0,3.62,0.01,23,0,0,0.01,0.02,0,7
0.81,0,0,0.01,0,0,0,0,48.6,0.87,0,0.23,0.1,0,0,0.09,0.01,3.46,0.02,25.9,0,0,0,0.01,0,7
1.34,0,0,0.01,0,0,0,0.01,46.93,5.31,0,0.31,0.08,0,0,0.09,0.01,2.75,0.01,28.9,0,0,0,0.01,0.01,7
1.34,0,0.07,0.01,0,0,0,0,50.93,7.68,0,0.54,0.52,0,0,0.07,0,1.03,0.01,22.7,0,0.02,0,0,0,7
1.02,0,0,0.02,0,0,0,0.01,62.49,3.9,0,0.25,0.08,0,0,0.05,0,1.16,0.01,7.81,0,0,0,0.01,0,6
4.26,0,0.21,0.02,0,0.01,0,0,58.74,0,0.02,0.02,1.36,0.01,0,0.05,0.01,3.85,0.02,4.61,0,0,0,0,0,7
1.76,0,0.06,0.03,0,0,0,0,65.67,6.59,0,1.04,0.57,0.04,0,0.02,0.01,-0.04,0.01,2.29,0,0,0,0,0,6
2.12,0,0.02,0.03,0,0.01,0,0,64.5,7.04,0,1.26,0.42,0,0,0.03,0.01,0.19,0.01,2.61,0,0.02,0,0,0,6
1.97,0,0.02,0.03,0,0,0,0,65.41,6.48,0,1.08,0.35,0.01,0,0.03,0.01,0.07,0.01,2.48,0,0.02,0,0,0,6
9.74,0,0.05,0.02,0,0,0.01,0,47.15,3.85,0.01,0.36,0.11,0,0,0.08,0.01,4.64,0.01,15.45,0,1.63,0.01,0,0.04,3
4.31,0,0.01,0.02,0,0,0,0,60.91,6.03,0,0.72,0.14,0,0,0.04,0.01,1.49,0,5.51,0,0.29,0.01,0,0.01,3
5.16,0,0.02,0.02,0,0,0,0,57.02,5.01,0,0.46,0.1,0,0,0.04,0.01,1.91,0.01,9.78,0,0.57,0.01,0,0.02,3
3.47,0,0.03,0.02,0,0,0.01,0,63.1,13.9,0,1.74,0.28,0.01,0.01,0.06,0.01,0.17,0,3.72,0,0.37,0.01,0.01,0.01,3
23.8,0,0.21,0.02,0,0,0.01,0,24,2.62,0,0.86,0.28,0,0.01,0.26,0.01,9.09,0.02,25.3,0,5.78,0.02,0.01,0.04,0
23,0,0.26,0.03,0,0.01,0.02,0,24.84,1.88,0.03,0.55,0.53,0.01,0.02,0.26,0,9.63,0.04,25.1,0,4.79,0.02,0.01,0.05,0
24.5,0,0.26,0.04,0,0.01,0.03,0,22.54,2.13,0.01,0.37,0.39,0,0.04,0.25,0,9.98,0.04,27.2,0.01,4.5,0.02,0.01,0.08,0
26.5,0,0.19,0.03,0,0.01,0.01,0,19.15,1.37,0,0.55,0.46,0,0.01,0.16,0,10.44,0.02,29.9,0.01,4.66,0.01,0.01,0.05,0
28.8,0,0.44,0.02,0,0.02,0.01,0.01,17.14,0,0.01,1.4,1.91,0,0.01,0.11,0.01,10.85,0.03,27.6,0.01,4.33,0.02,0.01,0.04,0
25.5,0,0.16,0.04,0,0.01,0.01,0,21.21,1.85,0.01,0.42,0.18,0.01,0.01,0.22,0.01,9.88,0.03,28.6,0.01,5.29,0.02,0.01,0.05,0
23.1,0,0.18,0.03,0,0.01,0.02,0,23.96,1.02,0.04,0.32,0.47,0.01,0.01,0.21,0.04,9.28,0.03,26.6,0.01,5.72,0.02,0.01,0.06,0
17.25,0,0.15,0.03,0.01,0,0.01,0,35.24,1.25,0.01,0.26,0.46,0,0.01,0.16,0.01,7.13,0.02,20.8,0.01,3.66,0.02,0.01,0.04,0
3.63,0.01,0.04,0.04,0,0,0.01,0,54.89,0.85,0,0.06,0.2,0,0.01,0.07,0.04,1.77,0.01,15.9,0,0.42,0,0.01,0.01,7
8.14,0,0.11,0.05,0,0,0.01,0,51.45,3.4,0.01,0.36,0.56,0,0.01,0.08,0.02,3.3,0.01,11.4,0,1.42,0.01,0.01,0.04,7
23,0,0.06,0.02,0,0.01,0.01,0,24.82,3.67,0.01,0.15,0.27,0.01,0,0.08,0.01,9.44,0.04,27.7,0,4.04,0.02,0.01,0.04,0
2.03,0,0.05,0.03,0,0,0,0,62.91,1.06,0.01,0.29,0.45,0.01,0,0.07,0.02,1.24,0.01,5.93,0,0.15,0.01,0,0.01,6
20,0,0.15,0.02,0,0.01,0.01,0,31.15,0.8,0.01,0.19,0.67,0,0,0.1,0.02,8.05,0.03,23.5,0,3.29,0.02,0,0.03,0
17.2,0,0.1,0.04,0,0.01,0.01,0,35.04,2.62,0.01,0.34,0.28,0.01,0,0.11,0.01,6.62,0.02,22,0,3.4,0.02,0,0.03,0
1.84,0,0.02,0.03,0,0,0,0,41.83,1.69,0,0.16,0.11,0,0,0.02,0.01,0.71,0,36.6,0,0.39,0,0,0.01,7
0.65,0,0.04,0.02,0,0,0,0,46.1,0.75,0,0.04,0.18,0,0,0.03,0,0.29,0,32.2,0,0.04,0,0,0,7
0.39,0,0.02,0.01,0.01,0,0,0,44.78,3.51,0,0.23,0.12,0,0,0.03,0.01,-0.05,0,35.4,0,0.03,0,0,0.01,7
0.4,0,0.01,0.01,0,0,0.01,0,49.07,5.74,0,0.42,0.09,0,0,0.03,0.01,-1.38,0,28.6,0,0,0,0,0,7
0.52,0,0,0.01,0,0,0.01,0,46.23,4.94,0,0.36,0.06,0,0.01,0.04,0.01,0.06,0,32.6,0,0.01,0,0,0,7
0.62,0,0.01,0.01,0.01,0,0,0,44.88,5.05,0,0.34,0.06,0,0,0.05,0.01,0.08,0,34.2,0,0.01,0,0,0,7
1.07,0,0.01,0.02,0.01,0,0.01,0,49.42,4.2,0,0.19,0.09,0,0,0.02,0.01,-0.04,0,28.1,0,0.03,0,0,0.01,7
1.06,0,0.01,0.02,0.01,0,0.01,0,50.64,0.88,0,0.04,0.06,0,0,0.03,0.01,0.4,0,26.2,0,0.02,0,0.01,0,7
0.22,0,0,0.02,0,0,0,0.01,51.36,2.91,0,0.18,0.04,0,0,0.02,0,-0.02,0,25.3,0,0,0,0,0,7
0.5,0,0.01,0.02,0,0,0.01,0,49.37,3.23,0,0.37,0.1,0,0.01,0.02,0.01,-0.2,0,29,0,0.04,0,0,0,7
0.32,0,0.04,0.01,0.01,0,0,0,50.53,0.86,0,0.03,0.16,0,0,0.02,0.01,0,0,27.5,0,0,0,0,0,7
1.62,0,0.04,0.02,0,0,0,0.01,53.19,3.21,0,0.31,0.23,0,0,0.02,0.01,0.23,0,21.2,0,0.12,0,0,0,7
1.36,0,0.03,0.02,0.01,0,0,0,46.83,0.32,0,0.03,0.11,0,0,0.04,0.01,0.55,0,30.4,0,0.01,0,0,0,7
0.99,0,0.03,0.03,0.01,0,0,0,46.37,0.42,0,0.05,0.13,0,0,0.04,0.01,0.42,0,31.2,0,0.03,0,0,0,7
1.02,0,0.02,0.02,0.01,0,0,0,65.18,3.25,0,0.5,0.2,0,0,0.02,0.01,0.21,0,4.33,0,0.03,0.01,0.01,0,6
0.47,0,0,0.02,0,0,0,0,45.81,0.96,0,0.07,0.07,0,0,0.01,0.01,0.11,0,33.5,0,0.01,0,0,0,7
0.58,0,0.01,0.02,0,0,0,0,52.65,2.19,0,0.28,0.16,0,0,0.02,0,0.2,0,22.4,0,0.01,0,0,0,7
1.66,0,0.08,0.06,0,0,0,0,63.46,14.75,0,2.91,1.04,0.01,0,0.16,0.03,-0.84,0,2.3,0,0.01,0.01,0.01,0.01,6
3.78,0,0.38,0.09,0,0.01,0.01,0.01,55.25,9,0,3.33,8.13,0.01,0.02,0.13,0.01,-0.15,0,2.49,0,0.07,0.01,0.02,0.02,7
18.45,0,0.66,0.06,0,0.01,0.01,0,23.8,0,0.33,1.05,4.97,0.04,0.02,0.28,0,8.38,0.02,30.3,0,0.44,0.01,0.01,0.04,0
18.4,0,0.2,0.03,0,0,0.03,0,34.9,0.97,0.22,0.49,1.17,0,0.01,0.18,0,6.45,0.01,21.2,0,1.37,0.02,0.01,0.17,0
19,0,0.16,0.04,0,0,0.03,0,35.59,6.58,0.05,1.82,0.7,0,0.01,0.24,0.01,5.9,0,19.3,0.01,1.96,0.02,0.01,0.17,0
15.55,0,0.23,0.04,0.01,0.01,0.03,0,41.65,7.77,0.02,1.72,1.03,0.02,0.02,0.22,0.01,4.59,0,15.75,0.01,1.03,0.02,0.01,0.07,1
16.6,0,0.04,0.03,0,0,0.02,0,25.12,1.06,0,0.42,0.22,0,0.02,0.28,0.01,7.3,0.01,37.5,0,1.5,0.01,0,0.08,0
12.05,0.01,0,0.02,0,0,0.01,0,38.82,2.51,0.03,0.2,0.11,0.02,0,0.05,0.01,7.2,0.01,24.8,0,1,0.01,0,0.06,3
13.65,0,0,0.02,0,0,0.01,0,34.87,1.96,0.03,0.17,0.08,0.01,0,0.04,0.01,7.37,0.01,27.9,0,1.36,0.01,0,0.07,3
10.85,0,0,0.01,0.01,0,0.01,0.01,24.31,1.06,0.03,0.05,0.04,0.01,0,0.05,0.01,7.25,0.01,45.6,0,1.55,0.02,0.01,0.04,0
1.27,0,0,0.01,0.01,0,0.01,0.01,47.31,0.49,0,0.13,0.05,0,0,0.15,0,4.19,0,25.9,0,0.02,0.01,0.01,0,7
0.32,0.01,0,0.01,0,0,0,0,48.56,1.63,0,0.23,0.08,0,0,0.1,0.01,2.92,0,27.1,0,0.01,0,0.01,0,7
1.12,0,1.01,0.02,0,0.03,0,0.01,40.08,0,0.03,0.33,5.55,0.01,0.01,0.08,0.02,2.33,0,29.3,0,0.01,0.01,0.01,0,7
1.95,0,0.02,0.03,0,0.01,0,0,42.25,7.46,0,0.41,0.34,0,0.01,0.1,0.01,0.74,0,35.2,0.01,0,0,0.01,0,7
5.89,0,0,0.02,0,0,0,0,40.62,5.52,0,0.36,0.08,0,0,0.07,0,2.24,0,33,0,0.19,0,0,0,1
0.52,0,0,0.02,0,0,0,0.01,65.22,11.3,0,0.7,0.05,0,0,0.06,0.01,-0.24,0,5.05,0,0,0,0.01,0,6
0.18,0,0.01,0.02,0,0,0,0,46.75,0.73,0,0.02,0.1,0,0,0.02,0,0.05,0,31.9,0,0,0,0,0,7
0.35,0,0.01,0.04,0,0,0,0,68.53,4.85,0,0.69,0.23,0,0,0.02,0.01,-0.41,0,1.48,0,0,0,0,0,6
0.56,0,0,0.04,0,0,0,0,67.75,7.15,0,1.06,0.2,0.01,0,0.02,0,-0.44,0,1.4,0,0,0,0,0,6
2.78,0,0.04,0.03,0,0.01,0,0,61.9,7.9,0,1.43,0.59,0,0,0.06,0,0.35,0,5.31,0,0.02,0,0,0,6
0.24,0,0.21,0.02,0,0,0,0,65.91,2.54,0.02,0.81,1.6,0,0,0.02,0.01,1.66,0,0.67,0,0,0,0,0,6
0.92,0,0,0.03,0,0,0,0,66.78,7.4,0,1.23,0.15,0,0,0.03,0,0.41,0,1.16,0,0,0.01,0,0,6
1.59,0,0,0.03,0,0,0,0,66.62,8.27,0,1.04,0.18,0.02,0,0.03,0.01,-0.03,0,1.86,0,0,0,0,0,6
0.59,0,0,0.02,0,0,0,0,54.63,2.61,0,0.22,0.05,0,0,0.03,0.01,0.32,0,21.1,0,0,0,0,0,7
0.65,0,0,0.04,0,0,0,0,50.52,2.6,0,0.08,0.03,0.01,0,0.03,0,1.15,0,25.6,0,0.03,0,0,0,7
0.45,0,0,0.02,0,0,0,0,32.38,2.38,0,0.02,0.01,0,0,0.02,0,0.85,0,52.1,0,0,0,0,0,7
0.47,0,0,0.02,0,0,0.01,0,42.27,1.08,0,0.03,0.01,0,0.01,0.03,0,0.92,0,37.5,0,0.01,0,0,0,7
1.31,0,0.6,0.02,0,0.01,0,0,32.6,0,0.02,0.03,3.09,0,0,0.03,0.01,1.29,0,45.5,0,0.03,0,0,0.01,7
0.25,0,0.24,0.02,0.01,0.01,0,0,31.28,0,0.01,0.03,1.36,0.03,0,0.01,0.01,0.32,0,52.9,0,0.01,0,0,0.01,7
5.97,0,0.09,0.01,0,0,0,0,54.39,4.06,0.11,0.64,0.67,0.01,0,0.03,0.01,3.56,0,10.55,0,0.55,0.03,0,0.01,7
3.15,0.01,0.03,0.03,0,0,0.01,0,61.44,2.09,0.02,0.12,0.24,0.01,0,0.04,0.01,1.26,0,7.68,0,0.32,0.01,0,0.01,6
0.13,0.01,0.01,0.02,0,0,0.01,0,45.07,1.09,0,0.06,0.08,0.01,0,0.01,0.01,-0.06,0,36.4,0,0.01,0.01,0,0.01,7
10.2,0,0.03,0.03,0.01,0,0.01,0,43.29,1.68,0,0.37,0.29,0,0,0.11,0.01,4.06,0,19.9,0,2.48,0.03,0.01,0.03,1
19.75,0,0.05,0.05,0,0,0.03,0,18.55,2.09,0.05,0.21,0.2,0.01,0.01,0.1,0.01,7.04,0,41.2,0.01,5.61,0.05,0.01,0.06,0
0.95,0.01,0.02,0.03,0,0,0,0.01,66.59,14.6,0,0.93,0.37,0.01,0.01,0.03,0.01,-1.1,0,3.78,0,0.21,0.02,0.01,0.01,6
0.34,0.01,0.04,0.03,0,0,0.01,0,54.17,5.01,0,0.2,0.35,0.01,0.01,0.04,0,-0.26,0,21.7,0,0.01,0,0,0,7
5.73,0.01,0.29,0.54,0,0.01,0.02,0,52.77,6.57,0.12,2.43,3.39,0.01,0.02,0.14,0.01,1.54,0,9.55,0,0.22,0.01,0.01,0.02,1
9.2,0,0.03,0.57,0,0,0.02,0,47.46,0.69,0.25,1.48,0.26,0.01,0.02,0.24,0,4.21,0.01,13.85,0,1.01,0.02,0.02,0.07,1
16.5,0,0,1.58,0,0.01,0.01,0,28.94,0.75,0.1,3.05,0.34,0.03,0.03,0.39,0,6.57,0.01,28.7,0,0.81,0.02,0.03,0.08,0
17.4,0,0,1.59,0,0.01,0.02,0,28.68,3.17,0.01,5.15,0.37,0,0.04,0.48,0,5.37,0.01,26.6,0,0.89,0.02,0.04,0.05,0
20.7,0,0.05,0.76,0,0.01,0.01,0,4.83,0.64,0.1,11.45,0.29,0.16,0.04,0.09,0,8.87,0,50,0,0.6,0,0.07,0.03,0
19.75,0,0.01,0.71,0,0,0,0,4,0.84,0.04,11.5,0.14,0.22,0.02,0.06,0,8.38,0,53.6,0,0.17,0,0.05,0.02,0
14.3,0,0.02,1.7,0,0,0.01,0.01,12.96,0.47,0.45,4.92,0.13,0.08,0.03,0.45,0,8.09,0,49.9,0.01,0.93,0.01,0.05,0.03,0
4.04,0,0,0.02,0,0,0.02,0,52.6,0.82,0,0.08,0.09,0,0,0.08,0.01,8.01,0.03,12.5,0,0.1,0.01,0.01,0.01,3
3.88,0,0,0.02,0,0,0.03,0,52.84,2.8,0,0.22,0.1,0,0.01,0.1,0.01,4.94,0.03,14.95,0,0.09,0.01,0.01,0.01,3
2.69,0,0,0.01,0,0,0.01,0,47.55,6.59,0,0.47,0.05,0,0,0.05,0.01,1.65,0.01,27.3,0,0.13,0.01,0.01,0.01,3
1.57,0.01,0.03,0.01,0.01,0,0.01,0.01,56.01,9.33,0,0.64,0.16,0,0,0.07,0.02,0.55,0.01,17.65,0,0.02,0.01,0.01,0.01,7
0.78,0,0.03,0.02,0,0,0,0,54.46,2.62,0,0.14,0.2,0,0,0.05,0.02,0.46,0.01,20.2,0,0,0,0,0,7
0.33,0,0,0.03,0.01,0,0.02,0,68.19,2.12,0,0.31,0.07,0,0.01,0.03,0.01,0.17,0,1.25,0,0,0,0,0,6
0.78,0.01,0,0.02,0,0,0,0,68.33,5.27,0,1.04,0.14,0,0.01,0.03,0.01,-0.03,0,1.38,0,0.02,0,0,0.01,6
0.56,0,0.01,0.02,0.01,0,0.01,0,67.91,5.78,0,1.21,0.24,0,0.01,0.03,0.01,-0.1,0,0.85,0,0.01,0.01,0,0,6
0.28,0,0.03,0.02,0,0,0,0,57.34,1.43,0,0.26,0.18,0,0,0.02,0.01,0.21,0,17.8,0,0,0,0,0,7
0.35,0.01,0,0.02,0,0,0,0,60.06,1.31,0,0.08,0.06,0,0,0.03,0.01,0.22,0,14.25,0,0,0,0,0,6
0.6,0,0.01,0.02,0,0,0,0,65.39,1.14,0,0.11,0.13,0,0,0.03,0.01,0.45,0,4.88,0,0.01,0,0,0,6
0.93,0,0.03,0.02,0,0,0.01,0.01,62.03,0.86,0,0.08,0.2,0,0.01,0.04,0.01,0.54,0,9.48,0,0.02,0,0,0,6
0.38,0,0,0.02,0,0,0,0,52.52,0.94,0,0.05,0.02,0,0,0.02,0.01,0.1,0,24.4,0,0.01,0,0,0,7
0.23,0,0,0.02,0,0,0,0,53.66,2.84,0,0.05,0.04,0,0,0.02,0.01,0.07,0,22.9,0,0,0,0,0,7
0.37,0,0,0.02,0,0,0,0,66.51,0.93,0,0.5,0.12,0,0,0.03,0.01,-0.05,0,4.05,0,0,0,0,0,6
0.67,0,0,0.02,0,0,0,0,62.45,0.78,0,0.06,0.09,0,0,0.03,0.01,0.51,0,9.56,0,0.02,0,0,0,6
0.48,0.01,0,0.02,0,0,0.01,0,57.4,3.84,0,0.54,0.11,0,0.01,0.03,0.01,-0.21,0,17.6,0,0.01,0,0,0,7
0.76,0,0,0.02,0,0,0,0,67.57,16.4,0,2.24,0.45,0,0,0.03,0.01,-1.44,0,1.24,0,0.03,0,0,0,6
11.75,0,0.34,0.03,0,0.01,0.01,0,44.19,4.99,0.34,1.22,2.31,0,0.01,0.14,0.01,4.52,0.01,14.8,0.01,0.31,0.01,0.01,0.05,1
21.8,0,0.14,0.06,0,0,0.03,0,27.98,3.28,0.16,0.5,0.53,0,0.01,0.22,0.01,8.39,0.01,26.1,0.02,1.74,0.02,0,0.33,0
12.95,0,0.09,0.03,0,0,0.03,0,38.94,5.95,0.22,0.8,0.6,0,0.02,0.14,0.01,4.65,0,24.5,0.01,0.68,0.03,0,0.06,0
22.8,0,0.34,0.05,0,0.01,0.01,0,20.94,0,0.04,3.04,1.41,0,0.01,0.38,0.01,10.45,0,29.2,0,1.63,0.01,0.01,0.04,0
26.4,0,0.2,0.09,0,0.01,0.02,0,18.47,0.06,0.05,2.36,0.92,0.01,0.01,0.31,0.01,10.67,0,29.7,0,2.58,0.01,0.02,0.03,0
26.3,0,0.02,0.13,0,0,0.01,0,15.45,2.45,0.01,1.38,0.1,0,0.01,0.24,0,11.41,0,33.9,0,4.62,0.01,0.02,0.03,0
3.39,0,0,0.04,0,0,0,0,55.76,5.41,0,0.58,0.11,0,0,0.03,0.01,1.21,0,15,0,0.28,0,0,0.01,3
2.68,0,0,0.02,0,0,0,0,52.6,2.55,0,0.24,0.04,0,0,0.01,0.01,1.01,0,20.9,0,0.34,0.01,0,0.01,7
0.46,0,0,0.03,0,0,0,0,46.55,1.38,0,0.05,0.02,0,0,0.01,0.01,0.05,0,33.3,0,0.03,0,0,0,7
0.73,0.01,0,0.02,0,0,0.01,0,57.84,8.2,0,0.72,0.12,0,0.01,0.01,0.01,-0.43,0,16.7,0,0.08,0.01,0,0,7
0.75,0,0,0.02,0,0,0.01,0,52.37,2.6,0,0.2,0.04,0,0.01,0.01,0.01,0.3,0,24.1,0,0.06,0,0,0,7
0.66,0,0,0.02,0,0,0,0,68.08,20.9,0,2.62,0.25,0,0.01,0.01,0.01,-1.74,0,1.1,0,0.01,0.01,0.01,0,6
0.64,0.01,0,0.02,0,0,0,0,68.23,20.8,0,1.96,0.2,0,0.01,0.01,0.01,-1.7,0,1.94,0,0.02,0.01,0.01,0.01,6
0.97,0.01,0,0.03,0,0,0.01,0,66.86,16.75,0,2.46,0.93,0,0.01,0.01,0.01,-1.33,0,1.52,0,0.1,0.01,0.01,0.01,6
0.99,0,0,0.02,0,0,0.01,0,66.48,17.25,0,2.42,1.09,0,0.02,0.02,0.01,-1.19,0,1.44,0,0.09,0.01,0.01,0.01,6
21.2,0,0.05,0.03,0,0,0.01,0,27.88,2,0,0.42,0.98,0,0.01,0.11,0,8.82,0.03,24.8,0.02,3.73,0.01,0.01,0.05,0
12.7,0,0.03,0.02,0,0,0.02,0,45.18,0.84,0,0.3,0.56,0,0.01,0.09,0,6.18,0.03,14.55,0.01,1.06,0.02,0.01,0.08,1
17.4,0,0.01,0,0,0,0.02,0,36.87,0.41,0.01,0.17,0.32,0,0.01,0.07,0,8.01,0.04,20,0,1.28,0.01,0,0.12,1
18.5,0,0.01,0,0,0,0.03,0,35.23,0.62,0,0.31,0.21,0,0.01,0.07,0,8.3,0.04,21.1,0,1.09,0.02,0,0.07,1
11.95,0,0.09,0.02,0,0,0.01,0,27.56,0.83,0.01,0.06,0.06,0,0.01,0.17,0.01,6.5,0.04,41.1,0.01,0.95,0.01,0.01,0.03,0
20.1,0,0.01,0.03,0,0,0.01,0,19.46,0.71,0.02,0.07,0.03,0.03,0,0.12,0,10.24,0.06,40.2,0,1.42,0.01,0.01,0.06,0
9.82,0,0,0.02,0,0,0.01,0,44.53,3.17,0.01,0.2,0.04,0,0,0.03,0.01,5.47,0.01,20.6,0,0.71,0.01,0,0.04,3
8.69,0,0,0.02,0,0,0,0,46.51,3.18,0,0.24,0.03,0,0,0.03,0,4.55,0,18.85,0,0.61,0.01,0,0.04,3
4.49,0,0,0.02,0.02,0,0,0,53.63,7.94,0,0.46,0.03,0.01,0,0.03,0,1.89,0,15.6,0,0.3,0,0,0.02,3
3.47,0,0,0.01,0.01,0,0,0,55.42,3.32,0,0.2,0.03,0,0,0.02,0,1.59,0,15.1,0,0.22,0,0,0.01,3
1.5,0,0.01,0.04,0,0,0,0,63,3.54,0,0.19,0.08,0,0,0.03,0.01,0.35,0,7.92,0,0.17,0.01,0,0.01,6
1.14,0,0,0.01,0.01,0,0,0.01,51.02,1.2,0,0.07,0.02,0,0,0.01,0.01,0.54,0,25.4,0,0.11,0,0,0.01,7
1.41,0,0,0.01,0.01,0,0,0,54.74,0.92,0,0.04,0.02,0,0,0.01,0,0.61,0,20.2,0,0.09,0,0,0.01,7
0.74,0,0,0.01,0.01,0,0,0,50.37,0.98,0,0.08,0.03,0,0,0.01,0.01,0.34,0,27.2,0,0.04,0,0,0.01,7
0.9,0,0,0.03,0,0,0,0,67.11,2.63,0,0.41,0.09,0,0,0.01,0.01,0.1,2.77,0,0.03,100.4,0.01,0,0,6
0.65,0,0,0.01,0,0,0,0,68.73,4.75,0,0.93,0.18,0,0,0.01,0.01,-0.22,0,1.03,0,0.03,0.02,0,0.01,6
0.54,0.01,0,0.04,0,0,0,0.01,69.58,3.59,0,0.61,0.14,0,0.01,0.01,0.01,-0.19,0,0.86,0,0.02,0.01,0,0.01,6
0.51,0.01,0.01,0,0,0,0,0.01,58.89,1.08,0,0.07,0.05,0,0.01,0.01,0.01,0.26,0,15.7,0,0.01,0,0,0,6
0.77,0,0,0.01,0,0,0,0,59.72,3.16,0,0.59,0.1,0,0,0.01,0.01,0.07,0,13.15,0,0.01,0.01,0,0,6
0.53,0.01,0.02,0,0,0,0,0.01,68.13,9.86,0,2.19,0.28,0,0,0.02,0.02,-0.75,0,1.26,0,0.02,0.02,0.01,0.01,6
0.4,0,0,0.02,0,0,0,0.01,68.24,14.9,0,2.01,0.29,0,0,0.02,0.01,-1.25,0,0.48,0,0.01,0.01,0.01,0.01,6
1.89,0,0.05,0.01,0,0,0.01,0,63.57,12.3,0,2.03,2.3,0,0.01,0.05,0.01,-0.41,0,1.7,0,0.07,0,0,0.04,6
22.3,0,0.5,0.01,0,0.01,0.01,0,26.21,0,0.01,0.66,3.79,0,0.01,0.08,0.01,8.64,0.02,25.7,0,0.25,0,0,0.03,0
11.3,0,0.46,0,0,0.01,0.03,0,45.74,0,0.03,0.2,2.52,0,0.03,0.11,0,5.8,0.02,12.3,0,0.62,0.01,0.01,0.03,1
24.1,0,0,0.02,0,0,0.01,0,24.84,0.42,0.01,0.14,0.2,0.03,0.01,0.09,0,10.49,0.03,28.5,0,1.26,0.02,0,0.15,0
24.1,0,0.68,0.02,0,0.01,0.01,0,20.94,0,0.02,0.24,2.83,0,0.01,0.12,0,11.62,0.04,28.3,0,1.49,0.01,0.01,0.06,0
16.25,0,0.29,0.02,0,0,0.02,0,31.64,0.48,0,0.08,0.12,0,0.01,0.33,0.01,8.68,0.03,27.6,0.01,1.16,0.01,0.01,0.04,0
28.7,0,0.16,0.01,0,0,0.01,0,15.87,2.02,0,0.24,0.08,0.02,0,0.2,0.01,12.06,0.03,33,0.01,3.74,0.01,0,0.03,0
27.5,0,0.76,0.03,0,0.01,0,0,15.8,1.02,0.01,0.3,0.72,0.01,0,0.51,0,11.97,0.04,30.6,0.02,4.02,0.01,0.01,0.03,0
15.3,0,0.49,0.03,0,0.01,0.02,0,25.16,0,0.02,0.08,0.64,0,0.01,0.38,0.01,8.3,0.03,36.8,0.02,1.42,0.01,0.01,0.04,0
8.32,0.01,0.01,0.01,0,0,0,0,45.2,5.26,0.01,0.43,0.09,0.01,0,0.03,0.01,4.84,0.01,22.2,0,0.58,0.01,0,0.04,3
6.66,0,0,0.01,0,0,0.01,0,49.21,6.66,0,0.57,0.08,0,0,0.04,0,3.49,0.01,18.35,0,0.41,0.01,0,0.03,3
1.37,0,0,0.03,0,0,0,0,66.47,12.6,0,1.44,0.2,0.03,0,0.01,0.01,-0.57,0,3.07,0,0.07,0.03,0,0.01,6
1.42,0.01,0,0.01,0,0,0,0,66.88,11.9,0,1.18,0.12,0,0,0.01,0.01,-0.4,0,3.13,0,0.07,0.01,0,0.01,6
1.04,0,0,0.02,0,0,0,0,66.86,18.05,0,2.06,0.2,0,0,0.01,0,-1.21,0,1.68,0,0.05,0.01,0,0.01,6
1.1,0.01,0,0,0,0,0,0,67.75,18.4,0,2.89,0.29,0,0,0.01,0.01,-1.34,0,1.37,0,0.05,0.01,0.01,0.01,6
0.94,0,0,0,0.04,0,0,0,67.17,19,0,3.51,0.29,0.05,0,0.01,0.01,-1.54,0.01,1.11,0,0.03,0.01,0.01,0.01,6
1.08,0,0,0.02,0.01,0,0,0,67.03,19.95,0,2.95,0.28,0,0,0.01,0,-1.46,0.01,1.36,0,0.04,0.01,0.01,0.01,6
2.13,0,0,0.01,0.01,0,0,0,64.71,15.2,0,1.64,0.3,0,0,0.02,0,-0.33,0.01,2.76,0,0.09,0.01,0.01,0.01,6
1.42,0,0,0.01,0,0,0,0,66.54,18.3,0,2.01,0.55,0,0,0.01,0,-1.13,0.01,1.5,0,0.05,0,0.01,0.01,6
1.18,0.01,0,0.02,0,0,0,0,67.87,17.4,0,1.33,0.73,0,0,0.02,0.01,-0.99,0.01,1.25,0,0.04,0,0.01,0.01,6
7.36,0,0.01,0.01,0,0,0.01,0,54.61,3.84,0.01,0.36,0.88,0,0,0.07,0,4.29,0.03,7.89,0,0.36,0.01,0.01,0.02,1
8.77,0,1.16,0.02,0,0.01,0.01,0,45.75,0,0.05,0.78,7.87,0,0.01,0.07,0.07,4.47,0.02,8.38,0,0.31,0.01,0.01,0.02,1
21.1,0,1085,0.02,0,0.01,0.01,0,24.66,0,0.26,0.16,4.81,0,0.01,0.08,0.02,10.17,0.04,24.8,0,0.72,0.01,0.01,0.08,0
28.5,0,0,0.01,0,0,0.02,0,16.77,0.59,0.02,0.18,0.09,0,0,0.06,0,12.32,0.05,33.9,0,1.38,0.01,0,0.05,0
23,0,0.34,0.02,0,0,0.02,0,18.34,0.76,0.08,0.09,0.09,0,0,0.26,0.01,9.86,0.04,37.9,0.01,1.93,0.02,0,0.05,0
28,0,0.16,0.02,0,0,0.01,0.01,17.06,1.02,0.14,0.18,0.09,0,0,0.15,0,11.27,0.05,33.7,0.01,2.32,0.02,0,0.03,0
4.51,0,0,0.02,0.01,0,0,0,61.45,10.1,0,1.65,0.18,0,0,0.02,0,1.38,0.01,4.21,0,0.17,0.01,0,0.01,3
2.96,0,0,0.02,0.01,0,0,0,63.75,12.6,0,1.82,0.2,0,0,0.02,0,0.17,0.01,3.8,0,0.11,0.01,0,0.01,3
3.05,0,0,0.02,0.01,0,0,0,63.62,14.6,0,2.06,0.23,0,0,0.03,0,0.1,0.01,3.47,0,0.12,0.02,0,0.01,3
4.12,0,0,0.01,0.01,0,0,0,60.67,12.15,0,1.48,0.2,0,0,0.04,0,1.18,0.01,6.07,0,0.19,0.02,0,0.02,3
4.19,0,0,0.01,0,0,0,0.03,60.98,11.35,0,0.96,0.17,0,0,0.03,0.01,1.14,0,6.5,0,0.18,0.01,0.01,0.02,3
5.38,0,0,0.01,0.01,0,0.01,0,58.53,6.97,0,0.7,0.19,0,0,0.06,0,2.74,0.02,6.77,0,0.25,0.01,0,0.02,3
11.65,0,0.01,0.01,0,0,0.03,0,47.29,2.77,0.02,0.37,0.31,0,0.01,0.07,0,5.89,0.03,12.2,0,1.22,0.02,0,0.11,1
19.7,0,0.15,0.03,0,0,0.03,0,33.14,1.61,0.1,0.23,0.22,0,0.01,0.21,0.01,8.71,0.04,21.5,0.03,1.82,0.01,0.01,0.22,0
26.6,0,0.15,0.03,0,0,0.02,0,18.04,0.51,0.25,0.1,0.08,0,0,0.19,0.01,11.13,0.05,34.7,0.02,1.12,0.01,0,0.11,0
26.8,0,0.03,0.02,0,0,0.01,0,18.94,0.18,1.26,0.1,0.11,0,0,0.08,0,10.81,0.05,33.2,0.01,1.01,0.01,0,0.09,0
5.02,0,0,0.06,0.01,0,0,0,59.77,9.23,0.01,1.84,0.28,0.02,0,0.03,0,1.6,0.01,5.49,0,0.19,0.01,0,0.01,3
4.97,0,0,0.02,0.01,0,0,0,59.91,10.6,0,2.3,0.3,0.02,0,0.02,0.01,1.14,0,5.6,0,0.16,0.02,0.01,0.01,3
4.79,0,0,0.02,0.01,0,0,0,60.48,10.1,0,2.11,0.3,0.02,0,0.02,0,1.12,0,4.74,0,0.15,0.01,0.01,0.01,3
4.57,0,0,0.02,0,0,0,0,60.68,7.48,0,1.53,0.28,0,0,0.02,0,1.3,0,6.03,0,0.2,0.01,0.01,0.02,3
7.58,0,0.37,0.02,0,0.01,0,0,51.09,0,0.03,0.36,1.96,0.03,0,0.07,0.02,5.94,0.02,8.82,0,0.75,0.01,0.01,0.01,3
9.05,0,0.03,0.02,0,0,0.01,0,45.21,2.22,0.02,0.37,0.3,0.03,0,0.06,0.01,6.17,0.02,19.05,0,0.54,0.01,0,0.03,3
8.57,0,0.01,0.02,0,0,0.01,0,44.88,2.84,0.03,0.34,0.17,0.03,0,0.04,0.01,4.65,0.01,21.1,0,1.04,0.02,0.01,0.03,3
3.61,0.01,0.06,0.01,0,0,0.01,0.01,49.48,3.46,0.01,0.21,0.42,0.02,0,0.05,0.04,2.45,0.01,22.3,0,0.31,0.01,0.01,0.01,3
1.58,0,0.04,0.01,0,0,0.01,0.01,49.8,9.13,0,0.5,0.34,0,0,0.03,0.02,0.22,0,25.8,0,0.09,0.01,0.01,0.01,7
1.28,0.01,0.05,0.02,0,0,0.01,0.01,56.92,9.71,0.01,0.56,0.47,0.02,0,0.04,0.04,0.31,0.01,15.9,0,0.05,0.01,0.01,0,7
2.91,0,0.05,0.02,0,0,0.01,0.01,60.41,1.91,0,0.21,0.29,0.01,0,0.05,0.03,2.32,0.02,7.31,0,0.16,0.01,0,0,6
0.72,0,0,0.03,0,0,0,0,64.54,2.6,0,0.45,0.12,0.02,0,0.02,0.01,0.12,0,6.08,0,0.02,0,0,0,6
0.87,0,0,0.03,0.01,0,0,0.01,67.22,1.7,0,0.29,0.08,0.01,0,0.04,0.01,0.81,0,1.31,0,0.01,0,0,0,6
1.05,0.01,0,0.03,0.01,0,0,0.01,67.37,2.65,0,0.54,0.14,0.02,0,0.05,0.02,1.32,0.01,0.94,0,0.01,0,0,0,6
3.91,0,0.21,0.03,0.01,0,0,0,59.68,0,0.03,0.14,1.43,0.01,0,0.04,0.08,3.58,0.02,4.84,0,0.01,0,0,0.01,1
0.8,0.01,0.06,0.04,0.01,0,0,0.01,67.97,3.39,0,0.92,0.5,0.02,0,0.02,0.06,0.08,0,0.68,0,0.01,0,0,0,6
0.34,0.01,0,0.05,0,0,0,0,68.96,3.75,0,0.78,0.21,0.01,0,0.03,0.01,-0.14,0,0.47,0,0,0,0,0,6
0.43,0.01,0,0.05,0,0,0,0.01,68.69,3.97,0,0.79,0.15,0.01,0,0.02,0.01,-0.18,0,0.6,0,0.01,0,0,0,6
0.33,0,0,0.04,0.01,0,0,0,68.44,4.54,0,0.97,0.15,0.01,0,0.02,0,-0.22,0,0.36,0,0.01,0,0,0,6
0.39,0.01,0,0.04,0.01,0,0,0.01,69.1,2.05,0,0.38,0.08,0,0,0.03,0.01,0.1,0,0.55,0,0.01,0.01,0,0,6
0.73,0.01,0.11,0.04,0,0,0,0,60.84,0.42,0.01,0.25,0.56,0.01,0,0.04,0.02,0.33,0,10.7,0,0.01,0,0,0,6
1.15,0,0.04,0.03,0,0,0,0,63.18,0.47,0,0.11,0.22,0.01,0,0.06,0,0.66,0,7.03,0,0.01,0.01,0,0,6
1.29,0.01,0.04,0.03,0.01,0,0,0,61.95,0.71,0,0.15,0.21,0.02,0,0.06,0.01,0.63,0,9.14,0,0.01,0.01,0,0,6
0.38,0,0.14,0.01,0,0.01,0,0,49.03,0,0.01,0.03,0.72,0,0,0.03,0,0.33,0,27.9,0,0,0,0,0,7
0.57,0,0.03,0.04,0.01,0,0,0,66.8,0.46,0,0.03,0.15,0.01,0,0.06,0,0.32,0,3.01,0,0,0.01,0,0,6
0.32,0.01,0.03,0.02,0.01,0,0,0.01,69.18,0.34,0,0.07,0.18,0,0,0.04,0.01,0.15,0,0.45,0,0,0.02,0,0.01,6
0.41,0.01,0.02,0.04,0.01,0,0,0,68.72,2.92,0,0.75,0.23,0.02,0,0.02,0,-0.19,0,0.68,0,0.01,0.02,0,0.01,6
0.66,0.01,0.02,0.02,0.01,0,0,0.01,68.24,4.94,0,1.09,0.31,0.01,0,0.01,0.01,-0.22,0,0.82,0,0.01,0.01,0,0.01,6
1.18,0.01,0.01,0.02,0,0,0,0,67,7.04,0,1.64,0.36,0,0,0.02,0.01,-0.31,0,1.82,0,0.02,0.01,0,0.01,6
1.3,0.01,0.04,0.03,0.01,0,0,0,66.71,6.96,0,1.58,0.4,0.04,0,0.09,0.04,-0.2,0,1.24,0,0.02,0.02,0,0.01,6
0.9,0,0.04,0.01,0.01,0,0,0,60.35,6.18,0,1.54,0.41,0,0,0.04,0.01,-0.24,0,11,0,0.02,0.01,0.01,0.01,6
2.54,0,0.06,0.02,0,0,0,0,52.7,6.89,0,0.46,0.52,0.01,0,0.07,0,0.69,0,20,0,0.03,0,0,0.01,1
6.32,0,0.69,0.07,0,0.01,0.01,0.01,51.14,0,0.03,0.56,5.69,0.02,0.02,0.17,0,3.77,0,7.44,0,0.2,0.01,0.03,0.02,1
13.4,0,0.09,0.03,0,0.01,0.02,0,43.65,0.26,0.41,0.22,0.87,0.03,0.01,0.17,0.01,5.76,0.01,15.15,0,0.83,0.01,0.01,0.05,1
22.6,0,0.05,0.09,0.01,0,0.03,0,26.21,0.99,0.65,0.85,0.16,0.1,0.01,0.16,0,8.41,0,28.2,0,1.41,0.02,0.01,0.08,0
21.7,0,0.02,0.24,0,0,0.03,0,23.59,0.97,0.02,1.4,0.12,0.04,0.01,0.24,0,9.38,0,31.1,0,1.7,0.01,0.02,0.28,0
0.97,0,0,0.01,0.01,0,0,0,47.06,7.31,0,0.38,0.07,0.02,0,0.02,0,0.36,0,31.1,0,0.03,0,0,0.01,7
0.44,0,0,0,0,0,0,0,45.18,3.78,0,0.18,0.05,0,0,0.02,0,0.73,0,33.8,0,0,0,0,0,7
0.2,0,0,0.01,0.01,0,0,0,46.56,2.25,0,0.12,0.04,0.02,0,0.02,0,1.01,0,32.2,0,0,0,0,0,7
1.27,0,0,0.01,0,0,0,0,46.69,1.47,0,0.12,0.06,0.02,0,0.03,0,3.18,0.01,28.3,0,0.01,0,0,0,7
0.66,0,0.01,0.01,0.01,0,0,0,45.92,1.26,0.01,0.15,0.09,0.01,0,0.04,0,5.13,0.01,28.1,0,0,0,0,0,7
0.49,0,0,0.01,0,0,0,0,50.3,0.62,0,0.08,0.01,0.02,0,0.06,0,4.49,0.01,23.6,0,0,0,0,0,7
0.33,0,0,0.01,0,0,0,0,44.08,0.38,0.01,0.09,0.05,0.03,0,0.05,0,4.95,0.01,31.5,0,0,0,0,0,7
0.35,0,0,0.01,0,0,0,0,43.14,0.5,0.01,0.08,0.03,0.01,0,0.05,0,4.18,0.01,33.5,0,0,0,0,0,7
0.31,0,0,0.01,0.01,0,0,0,41.06,0.44,0.01,0.08,0.03,0.01,0,0.05,0,4.44,0.01,36.2,0,0,0,0,0,7
0.34,0,0,0.01,0,0,0,0,36.34,0.41,0.01,0.08,0.02,0,0,0.09,0,4.62,0.01,42.9,0,0,0,0,0,7
0.35,0,0.01,0.01,0,0,0,0,36.94,1.75,0.01,0.07,0.09,0.01,0,0.1,0,3.28,0,43.3,0,0,0,0,0,7
0.27,0,0.03,0.01,0,0,0,0,34.15,1.65,0.01,0.06,0.16,0,0,0.04,0,2.16,0,48.4,0,0,0,0,0,7
2.4,0,0.14,0.04,0,0,0,0,44.72,0.84,0.01,0.07,0.11,0.02,0,0.27,0,2.31,0.01,30,0.01,0.05,0,0,0,7
1.32,0,0.01,0.01,0,0,0,0.01,44.92,0.97,0,0.11,0.09,0,0,0.09,0,1.54,0,32.3,0,0.01,0,0.01,0,7
0.44,0,0.03,0,0,0,0,0,45.89,6.11,0,0.26,0.22,0,0,0.04,0.01,0.33,0,32.9,0,0.01,0,0,0,7
0.29,0,0,0,0,0,0,0,41.11,2.51,0,0.01,0.03,0,0,0.02,0,0.06,0,40.6,0,0,0,0,0,7
0.21,0,0,0.01,0,0,0,0,39.15,0.51,0.02,0.01,0.02,0.05,0,0.01,0,0.15,0,43.5,0,0,0,0,0,7
0.44,0,0,0.01,0,0,0,0,40.13,1.63,0,0.11,0.03,0,0,0.02,0,0.27,0,41.4,0,0.01,0,0,0,7
0.64,0,0.01,0,0,0,0.01,0,66.53,17.8,0,5.11,0.46,0,0,0.02,0.01,-1.89,0,1.32,0,0.03,0,0.01,0.02,6
0.6,0.01,0,0,0,0,0.01,0.01,66.17,17.1,0,5.66,0.42,0,0.01,0.01,0,-1.68,0,0.43,0,0.03,0,0.01,0.01,6
0.82,0.01,0.01,0,0,0.01,0.01,0.17,65.79,17.35,0,4.04,0.28,0,0.01,0.03,0,-1.51,0,0.93,0,0.03,0,0.01,0.01,6
2.03,0,0.03,0.01,0,0,0,0,57.07,7.43,0,0.42,0.25,0,0.01,0.11,0.01,0.9,0,14.55,0,0.05,0,0.01,0.01,7
2.97,0,0.05,0,0,0,0,0,45.23,3.55,0,0.01,0.36,0,0,0.1,0.01,2.25,0.01,28.8,0,0.03,0,0.01,0,7
5.03,0,0.03,0,0,0,0,0,51.7,3.9,0,0,0.2,0,0.01,0.13,0.01,5.34,0.06,14.95,0,0.11,0,0.01,0.01,7
13.6,0,0.13,0,0,0,0.03,0.03,38.46,0,0.01,0.19,0.96,0,0.03,0.13,0,9.99,0.1,18.6,0,0.36,0.01,0.01,0.01,1
25.7,0,0.13,0.01,0,0.01,0.01,0.03,17.59,0,0.22,0.05,1.25,0.01,0.02,0.13,0,12.15,0.04,32.2,0,2.25,0.02,0,0.04,0
16.85,0,0.12,0.01,0,0.01,0.08,0.03,22.77,0,0.62,0.04,1.08,0.01,0.03,0.15,0,9.11,0.04,36.5,0,1.8,0.02,0.01,0.03,0
9.98,0,0.13,0.04,0,0.01,0.01,0.02,32.64,0,0.26,0.28,3.96,0,0.01,0.04,0,13.17,0.08,23.4,0.01,0.4,0.01,0,0.02,0
1.69,0,0.05,0.01,0,0,0.02,0.01,20.07,0,0.09,0.08,1.82,0,0.01,0.05,0.01,4.33,0.05,62.3,0.01,0.07,0,0,0.01,0
1.38,0,0,0.01,0.01,0,0,0,46.93,3.64,0,0.08,0.05,0,0,0.03,0,1.43,0,30,0,0.01,0,0,0,3
1.29,0,0,0.01,0,0,0,0,46.44,2.78,0,0.08,0.04,0,0,0.03,0,1.74,0.01,31.1,0,0.02,0,0,0,3
1.02,0,0,0.01,0,0,0,0,43.83,3.56,0,0.05,0.03,0,0,0.03,0,1.3,0.01,34.7,0,0,0,0,0,3
0.26,0,0,0.01,0.01,0,0.01,0,37.94,3.78,0.01,0.06,0.03,0,0,0.03,0,0.67,0,45.1,0,0,0,0,0,3
0.96,0,0,0.01,0,0,0.01,0,38.57,3.74,0.01,0.07,0.05,0,0,0.03,0,0.92,0,43.1,0,0.02,0,0,0,3
0.92,0,0,0.01,0.01,0,0.03,0,41.48,3.98,0.01,0.07,0.06,0,0,0.02,0,0.9,0,38.7,0,0.01,0,0,0,7
0.24,0,0,0,0,0,0.02,0,43.3,3.32,0,0.07,0.07,0,0,0.02,0,0.5,0,38,0,0,0,0,0.01,7
1.18,0,0,0,0.01,0,0.01,0.01,50.02,7.27,0,0.07,0.1,0,0,0.05,0,1.2,0.01,25.7,0,0.02,0,0,0,7
0.37,0,0,0,0.01,0,0,0.01,44.13,4.81,0,0.09,0.08,0,0,0.04,0,0.49,0,35.9,0,0,0,0,0,7
0.31,0,0,0,0,0,0,0.01,40.55,4.1,0,0.19,0.03,0,0,0.03,0,0.23,0,41.8,0,0,0,0,0,7
0.59,0,0.01,0.01,0.01,0,0.01,0.01,65.84,17.15,0,4.38,0.41,0.01,0,0.02,0.01,-1.35,0,2.35,0,0.01,0,0,0.02,6
0.79,0,0.01,0.01,0.01,0,0,0.01,66.89,19.05,0,4.13,0.57,0,0,0.02,0.01,-1.74,0,0.88,0,0.02,0,0.01,0.01,6
0.8,0,0,0.02,0,0,0,0,67.02,20,0,4.08,0.33,0,0,0.02,0,-1.85,0,1.07,0,0.02,0,0.01,0.01,6
1.2,0,0.02,0,0,0,0,0.01,47.12,3.37,0,0.24,0.18,0.01,0,0.13,0.01,1.28,0.01,29.2,0,0.04,0,0,0,7
2.51,0,0.05,0,0,0,0,0.01,49.51,4.08,0,0.06,0.3,0,0,0.21,0,2.3,0.01,23.3,0,0.02,0,0,0,7
2.49,0,0.07,0.02,0,0,0,0,52.15,5.84,0,0.04,0.45,0,0,0.25,0.01,3.26,0.02,18.35,0,0.05,0,0.01,0.01,7
4.64,0,0.03,0,0,0,0,0.01,59.65,6.21,0,0.06,0.4,0,0,0.14,0.01,5.86,0.08,3.33,0,0.16,0,0,0.01,7
15.9,0,0.01,0,0,0,0,0.02,36.23,0.66,0.01,0.04,0.62,0.01,0,0.07,0.01,10.27,0.1,20,0,1.12,0.01,0,0.03,1
24.2,0,0.04,0.03,0,0,0.04,0.03,21.29,0,0.5,0.04,0.43,0.01,0.01,0.18,0.01,11.27,0.06,28.3,0,4.24,0.04,0,0.06,0
21.5,0,0.06,0.03,0,0,0.15,0.02,18.88,0,0.52,0.05,1.04,0.01,0.02,0.08,0,13.52,0.07,34.8,0,1.06,0.02,0,0.02,0
13.5,0,0.05,0.04,0,0,0.08,0.02,26.03,0,0.51,0.11,1.04,0.01,0.01,0.07,0,13.72,0.06,32.7,0,0.55,0.01,0,0.02,0
2.6,0,0.06,0.03,0,0.01,0.03,0.01,14.41,0,0.05,0.02,0.81,0,0.01,0.11,0,3.76,0.02,71.3,0,0.09,0,0.01,0.01,4
6.69,0,0.03,0.1,0.02,0,0,0.01,17.8,0.1,0.14,0.31,0.43,0.04,0.01,0.12,0,9.59,0.03,56.9,0,0.33,0.01,0,0.01,4
2.95,0,0.04,0.03,0.02,0,0,0.01,11.47,0.21,0.03,0.08,0.44,0.02,0,0.05,0,4.29,0.01,76,0,0.1,0,0,0.01,4
1.64,0,0.1,0.02,0.02,0,0.01,0.01,9.95,0,0.04,0.05,0.69,0.03,0,0.06,0,3.18,0.02,80.3,0,0.03,0,0,0,4
4.22,0,0.26,0.03,0.03,0,0.01,0.03,30.36,0,0.13,0.07,1.39,0.02,0,0.25,0,8.89,0.05,40.4,0,0.06,0.01,0.02,0.01,4
2.79,0,0.31,0.04,0.02,0.02,0,0.02,14.99,0,0.02,0.03,2,0.02,0,0.19,0,5.76,0.02,66.5,0,0.05,0,0.01,0,4
3.15,0,0,0.01,0,0,0,0.02,63.93,2.37,0,0.44,0.08,0,0,0.03,0,1.41,0.01,3.45,0,0.07,0,0,0.01,3
3.91,0,0,0,0,0,0,0.01,60.51,1.3,0,0.21,0.04,0,0,0.04,0,2.17,0.01,7.03,0,0.13,0,0,0.01,3
5.37,0,0,0.01,0,0,0,0,56.38,1.45,0,0.21,0.06,0,0,0.05,0,2.97,0.01,10.45,0,0.18,0.01,0,0.01,3
3.09,0,0.17,0.01,0,0,0,0,61.78,2.53,0.01,1.06,0.96,0,0,0.03,0.02,1.37,0,4.42,0,0.06,0.02,0.01,0.01,6
2.72,0,0,0,0.01,0,0,0.01,63.66,3.65,0,0.92,0.14,0,0,0.02,0,0.84,0.01,4.28,0,0.07,0.02,0.01,0.01,6
3.04,0,0.02,0,0,0,0,0.01,63.31,2.1,0,0.57,0.22,0,0,0.03,0.01,1.35,0.01,4.71,0,0.08,0.01,0.01,0.01,6
2.57,0,0,0.01,0,0,0,0,64.15,3.27,0,0.85,0.14,0,0,0.02,0,0.87,0,3.89,0,0.06,0.01,0,0.01,6
2.9,0,0,0,0,0,0,0.01,63.99,3.3,0,0.84,0.14,0,0,0.02,0,1.02,0.01,3.75,0,0.06,0.02,0,0.01,6
3.2,0,0,0,0,0,0,0,62.69,3.35,0,0.85,0.15,0,0,0.01,0,1.08,0.01,4.66,0,0.06,0.01,0,0.01,6
3.35,0,0,0.01,0,0,0,0,63.55,3.09,0,0.88,0.16,0,0,0.01,0,0.96,0,3.7,0,0.06,0.02,0,0.01,6
3.93,0,0.01,0,0,0,0,0,62.02,2.8,0,0.77,0.19,0,0,0.02,0,1.76,0.01,4.46,0,0.09,0.02,0,0.01,6
3.24,0,0.01,0,0,0,0,0.01,63.13,3.48,0,1.1,0.23,0,0,0.02,0,1.12,0.01,3.76,0,0.07,0.02,0,0.01,6
2.93,0,0.05,0,0,0,0,0.01,64.24,2.32,0.01,0.86,0.43,0,0,0.01,0.01,1.07,0.01,3.24,0,0.06,0.03,0,0.01,6
2.84,0,0,0.01,0,0,0,0.01,64.4,3.88,0,1.14,0.2,0,0,0.01,0,0.77,0,3.11,0,0.06,0.02,0,0.01,6
3,0,0,0,0,0,0,0.01,63.48,6,0,1.92,0.24,0,0,0.01,0,0.72,0.01,3.22,0,0.07,0.02,0.01,0.01,6
2.59,0,0,0,0,0,0,0,64.44,3.71,0,0.98,0.13,0,0,0.02,0,0.81,0.01,4.01,0,0.06,0.01,0,0.01,6
2.94,0,0,0,0,0,0,0,60.45,2.22,0,0.54,0.08,0,0,0.02,0,1.27,0.01,9.04,0,0.06,0.01,0,0.01,6
3.54,0,0,0.01,0.01,0,0,0,58.93,2.32,0,0.43,0.1,0,0,0.03,0,1.9,0.01,9.6,0,0.07,0,0,0.01,6
2.53,0,0,0,0,0,0,0.02,59.73,1.33,0,0.29,0.04,0,0,0.02,0,1.21,0.01,11,0,0.05,0,0,0.01,6
3.2,0,0,0,0,0,0,0.01,63.3,8.08,0,1.36,0.15,0,0,0.04,0.01,1.18,0.01,4.1,0,0.06,0.01,0.01,0.01,6
3.66,0,0,0,0,0,0,0.02,63.03,15.35,0,2.67,0.32,0,0,0.03,0.01,0.05,0.01,3.78,0,0.05,0,0.01,0.01,6
3.64,0,0,0,0,0,0,0,62.54,15.2,0,2.62,0.3,0,0,0.03,0.01,0.48,0.01,3.92,0,0.06,0,0.01,0.01,6
2.93,0,0,0,0,0,0,0.02,56.42,3.35,0,0.67,0.1,0,0,0.06,0,1.58,0.01,13.6,0,0.04,0,0.01,0,6
1.59,0,0,0,0,0,0,0.02,60.09,2.02,0,0.42,0.09,0,0,0.05,0,1.11,0.01,10.85,0,0.03,0,0,0,6
13.7,0,0.1,0.01,0,0,0.04,0,42.81,0.49,0.01,0.22,0.81,0,0.01,0.16,0.02,7.52,0.03,15.35,0,0.46,0.01,0.01,0.04,1
20.8,0,0.32,0.06,0,0.01,0.03,0,31.8,0.19,0.01,0.92,0.14,0.01,0.02,0.49,0.01,9.6,0.04,20.1,0.03,1.02,0.02,0.02,0.09,0
29,0,0.18,0.04,0,0,0.01,0,17.36,0.23,0.13,0.99,0.08,0.05,0.01,0.38,0.01,12.18,0.05,30.6,0.01,1.42,0.01,0.01,0.04,0
35.4,0,0.31,0.05,0,0,0.01,0,7.43,0,0.02,2.1,0.54,0.05,0,0.31,0,12.17,0.03,36.4,0.01,1.49,0.01,0,0.04,0
20.7,0,0,0.02,0,0,0.01,0,2.9,0.36,0.05,0.01,0.02,0.04,0,0.02,0.01,7.38,0.01,67.2,0,0.48,0,0,0.04,0
22.1,0,0,0.02,0,0,0,0,2.57,0.44,0.1,0.02,0.03,0.04,0,0.01,0.01,7.74,0.01,66,0,0.26,0,0,0.03,0
20.2,0,0.01,0.02,0,0,0,0,2.57,0.64,0.09,0.02,0.1,0.04,0,0.02,0.04,6.92,0.01,69.2,0,0.32,0,0,0.03,0
20.6,0,0.01,0.02,0,0,0,0.02,4.85,0.33,0.18,0.03,0.03,0.04,0,0.02,0.02,7.7,0.01,64.2,0,0.47,0,0,0.04,0
14.35,0,0.01,0.03,0,0,0,0,22.98,2.06,0.03,0.1,0.05,0.03,0,0.12,0.2,7.5,0.02,44.4,0,0.28,0,0,0.03,0
1.86,0,0.02,0.02,0,0.02,0,0,42.3,4.67,0,0.36,0.21,0.01,0,0.11,0.13,0.86,0.01,35.7,0,0,0,0,0,7
1.38,0,0.05,0.02,0,0.02,0,0,43.48,1.52,0.01,0.16,0.59,0,0,0.16,0.11,0.76,0,32.9,0,0,0,0,0,7
14.55,0,0.13,0.02,0,0.02,0,0,34.6,0,0.02,0.07,1.01,0,0,0.15,0.05,6.6,0.01,25.9,0,0.07,0.02,0.01,0.01,1
4.31,0,0.07,0,0,0.06,0,0.02,60.57,4.58,0,1.22,1.69,0.01,0.01,0.07,0.03,1.29,0,3.97,0,0.01,0.01,0.02,0,6
2.43,0,0.04,0.05,0.01,0.03,0,0.01,63.59,4.03,0,0.77,1,0,0.01,0.08,0.03,1.12,0,3.11,0,0.01,0.01,0.01,0,6
4.74,0,0.03,0.04,0,0.02,0,0.01,60.83,3.14,0,0.57,0.51,0,0.01,0.07,0.02,1.6,0,5.33,0.01,0.01,0.01,0.01,0,6
1.1,0,0.02,0.05,0,0,0,0.01,67.08,7.23,0,1.04,0.4,0,0,0.05,0.02,-0.2,0,1.53,0,0.01,0.01,0.01,0,6
0.62,0,0.03,0.05,0,0,0,0.01,68.18,6.44,0,0.92,0.35,0,0,0.06,0.01,-0.31,0,0.9,0.01,0.01,0.01,0.01,0,6
1.26,0,0.08,0.04,0.05,0,0,0.01,65.29,3.74,0,0.77,0.39,0.02,0,0.06,0,0.31,0.01,3.71,0,0.01,0.01,0.01,0,6
0.82,0,0.02,0.06,0.05,0,0,0.01,66.32,7.87,0,1.23,0.31,0.02,0,0.04,0.01,-0.29,0.01,3.65,0,0.01,0.01,0.01,0,6
0.54,0,0.02,0.04,0.04,0,0,0,68.48,5.56,0,0.93,0.23,0.01,0,0.03,0,-0.23,0.01,0.89,0,0.01,0.01,0,0.01,6
0.36,0,0.01,0.04,0,0,0,0,67.92,2.7,0,0.5,0.14,0,0,0.02,0,-0.11,0,0.89,0,0.01,0.01,0,0.01,6
1.06,0,0,0.04,0.05,0,0,0,67.18,6.69,0,1.17,0.16,0.02,0,0.02,0,-0.27,0.01,1.62,0,0.01,0.01,0,0.01,6
0.77,0,0,0.04,0.05,0,0,0.01,66.79,11.6,0,2.48,0.25,0.01,0,0.02,0,-0.97,0.01,1.92,0,0.03,0.01,0.01,0.01,6
0.53,0,0.01,0.03,0.03,0,0,0.01,66.7,10.05,0,2.07,0.22,0,0,0.01,0,-0.84,0.01,2.2,0,0.02,0.01,0.01,0.01,6
0.43,0,0,0.03,0.03,0,0,0.01,67.94,11.8,0,2.16,0.19,0.01,0,0.01,0,-0.79,0,0.93,0,0.01,0.01,0.01,0.02,6
0.62,0,0.01,0.03,0.03,0,0,0.01,67.43,13.6,0,2.36,0.24,0.01,0,0.02,0,-1.2,0.01,2.14,0,0.02,0.01,0.01,0.01,6
1.3,0,0.03,0.03,0.03,0,0,0.01,63.19,6.86,0,1.34,0.32,0.01,0,0.04,0,-0.03,0.01,7.08,0,0.03,0,0.01,0.01,6
14.9,0,0.48,0.03,0,0.01,0,0.01,33.44,0,0.17,0.27,2.56,0.02,0.01,0.17,0,7.19,0.01,25.5,0,0.17,0,0.02,0.02,1
7.72,0,0.79,0.06,0,0.01,0.01,0.01,46.41,0,0.04,0.45,8.41,0.01,0.03,0.18,0,4.85,0,8.02,0,0.25,0.01,0.03,0.02,1
10.35,0,0.13,0.03,0.01,0,0.02,0,45.69,0,0.02,0.16,0.95,0,0.01,0.15,0,5.12,0.01,16.7,0,0.67,0.01,0.01,0.04,1
21.1,0,0.03,0.07,0,0,0.02,0,28.27,0.84,0.02,0.67,0.25,0.02,0.01,0.2,0,9.25,0,26.2,0,1.44,0.01,0.01,0.17,0
14.1,0,0.03,0.26,0,0.01,0.03,0,39.85,1.32,0.02,0.86,0.31,0.01,0.01,0.16,0,6.35,0,20.3,0,0.65,0.03,0.01,0.08,1
9.54,0,0,2.17,0.01,0.01,0.02,0,43.27,0.78,0.01,0.92,0.16,0,0.02,0.73,0,5.21,0,17.75,0,0.51,0.02,0.01,0.05,1
21.7,0,0,0.01,0.01,0,0.01,0,3.78,0.61,0.03,0.03,0.01,0.01,0,0.02,0,7.84,0.01,64.9,0,0.58,0,0,0.04,0
20.9,0,0,0.02,0,0,0.01,0,3.46,0.29,0.05,0.02,0.01,0.03,0,0.02,0,7.71,0.01,66.2,0,0.47,0,0,0.04,0
22.9,0,0,0.02,0,0,0.01,0,3.74,0.42,0.04,0.03,0.01,0.03,0,0.02,0,8.45,0.01,62.5,0,0.59,0,0,0.05,0
26.4,0,0.01,0.02,0,0,0.01,0,12.15,1.33,0.11,0.04,0.03,0.03,0,0.02,0,10.26,0.01,45,0,1.49,0.01,0,0.01,0
24.7,0,0.01,0.02,0.01,0,0,0,13.82,0.32,0.12,0.04,0.02,0.03,0,0.05,0.01,9.89,0.01,45.3,0,0.75,0.01,0.01,0.02,0
0.26,0,0,0.01,0,0,0,0.01,42.76,5.27,0,0.31,0.04,0,0,0.04,0.01,1.16,0,37.6,0,0,0,0.01,0,7
1.02,0,0,0.01,0,0,0,0.01,45.17,5.55,0,0.29,0.03,0.01,0,0.03,0.01,0.78,0,33.3,0,0.11,0,0,0,7
0.42,0,0,0,0.01,0,0,0.01,66.36,1.03,0,0.12,0.03,0,0,0.04,0.01,1.6,0,3.06,0,0,0,0.01,0,6
0.27,0,0,0.01,0,0,0.01,0,67.48,6.1,0,0.98,0.13,0,0.01,0.02,0.01,1.33,0,0.54,0,0,0,0.01,0,6
0.23,0,0,0.01,0,0,0.01,0.01,68.18,4.32,0,0.59,0.08,0,0.01,0.02,0.01,1.8,0,0.47,0,0,0,0.01,0,6
0.36,0,0,0.01,0,0,0,0,67.47,7.29,0,1.1,0.14,0,0.01,0.02,0.01,1.51,0,0.54,0,0,0,0.01,0,6
0.47,0,0.04,0.01,0.01,0,0,0.01,67.2,8.41,0,1.5,0.41,0,0.01,0.05,0.03,0.89,0,0.71,0,0,0.01,0.01,0,6
0.71,0,0.05,0,0,0.01,0,0,51.89,1.4,0,0.32,0.35,0.01,0.01,0.03,0,0.31,0,23.7,0,0,0,0,0,7
2.43,0,0.08,0.01,0,0.01,0,0,43.51,0,0.02,0.03,0.5,0.01,0,0.04,0,1.6,0,33,0,0.16,0.01,0,0,7
1.08,0,0.02,0.01,0,0,0,0,54.1,5.02,0,0.66,0.21,0.01,0,0.02,0,0.05,0,21.1,0,0.09,0,0,0,7
1.84,0,0.04,0.02,0,0,0,0,61.96,3.33,0,0.34,0.29,0,0,0.02,0,0.49,0,8.29,0,0.18,0.01,0.01,0.01,6
1.01,0,0.06,0.01,0,0,0,0.01,66.26,4.42,0,0.36,0.49,0,0,0.03,0,0.18,0,2.7,0,0.09,0.03,0.01,0.01,6
20,0,0.11,0.04,0,0,0,0,19.28,1.43,0.03,0.14,0.19,0.02,0,0.11,0,7.44,0,39.2,0.01,5.48,0.05,0.01,0.06,0
15.2,0,0.05,0.03,0,0,0,0,31.05,1.43,0.06,0.14,0.21,0.01,0,0.07,0,5.84,0,29.7,0,4.07,0.04,0.01,0.04,0
0.84,0,0.01,0.01,0,0,0,0.01,45.6,1.12,0,0.16,0.15,0.01,0.01,0.03,0,0.55,0,33.4,0,0.04,0,0.01,0.01,7
0.74,0,0.06,0.01,0,0,0.01,0.01,50.91,1.46,0,0.24,0.42,0,0,0.08,0,1.21,0,24.3,0,0.03,0,0.01,0,7
5.47,0,0.62,0.07,0,0.01,0,0.01,45.63,0,0.01,0.21,4.19,0.02,0.02,0.18,0,4.87,0,17.55,0,0.19,0.01,0.03,0.01,7
18.35,0,0.47,0.28,0,0,0.01,0,29.33,0,0.24,0.5,3.24,0.04,0.01,0.19,0,9.12,0,23.6,0,0.83,0.01,0.02,0.09,1
24.4,0,0.13,0.44,0,0,0.01,0.01,16.3,0,0.17,1.66,0.55,0.05,0,0.12,0,10.98,0,37.9,0,0.55,0.01,0.01,0.04,0
24.4,0,0.13,0.93,0,0,0,0.01,7.9,0,0.68,5.06,0.49,0.06,0,0.12,0,11.09,0,45,0,0.39,0,0.02,0.04,0
19.75,0,0.11,0.76,0.01,0,0,0,4.19,0,0.71,3.62,0.5,0.04,0,0.08,0.01,8.1,0,59.5,0,0.21,0,0.01,0.02,0
24.8,0,0.05,0,0,0,0.01,0,5.27,0.33,0.02,0.03,0.16,0.03,0,0.02,0.01,100.8,0.01,56.3,0,0.81,0.01,0,0.06,0
17.95,0,0,0,0,0,0.01,0,4.3,0.23,0.03,0.01,0.04,0.02,0,0.02,0.01,100.85,0.01,68.6,0,0.64,0.01,0,0.04,0
22.3,0,0,0.02,0,0,0.01,0,5.03,0.46,0.05,0.03,0.03,0.02,0,0.01,0.01,101,0.01,62.2,0,0.74,0.01,0.01,0.05,0
23.2,0,0.02,0,0,0,0,0,8.55,0.88,0.09,0.02,0.14,0.02,0,0.03,0.04,101.15,0.01,54.3,0,1.9,0.02,0.01,0.05,0
24.4,0,0.07,0,0,0,0.01,0.01,17.48,1.76,0.03,0.04,0.15,0.02,0,0.1,0.03,101,0.03,35.7,0.01,4.51,0.03,0.02,0.04,0
21.9,0,0.13,0,0,0,0,0,18.42,2.09,0.02,0.08,0.11,0.01,0,0.13,0.02,100.95,0.01,37.7,0.01,4.53,0.03,0.02,0.04,0
3.19,0,0,0,0,0,0.01,0,42.55,1.73,0.01,0.02,0.07,0,0.01,0.18,0.03,100.1,0.03,30.1,0,0.48,0.01,0.01,0.01,7
0.97,0,0,0,0,0,0.01,0,44.51,1.58,0,0.03,0.02,0,0.01,0.13,0.01,100.1,0.02,31.4,0,0.01,0,0.01,0,7
1.42,0,0,0,0,0,0.01,0,44.59,1.52,0,0.03,0.05,0,0,0.17,0.01,99.55,0.02,29.3,0,0.04,0,0.01,0,7
1.39,0,0,0,0,0,0,0.01,49.58,0.95,0,0.02,0.04,0,0,0.17,0.01,99.91,0.02,22.6,0,0,0,0.01,0,7
8.33,0,0.01,0,0,0,0.01,0,23.61,1.12,0.25,0.04,0.1,0.01,0,0.11,0.02,100.25,0.01,53,0,0.02,0,0.01,0,5
10.9,0,0.03,0,0,0.01,0,0,21.52,0.29,0.31,0.04,0.3,0.01,0,0.08,0.08,100.3,0.01,52.4,0,0.16,0,0.01,0.01,5
1.81,0,0.01,0,0,0.04,0,0,44.68,1.42,0.01,0.07,0.39,0,0,0.13,0.08,99.89,0,31.1,0,0.02,0,0.01,0,7
3.26,0,0.07,0,0,0.11,0.01,0.01,42.43,0.77,0.01,0.15,1.15,0.01,0.01,0.14,0.08,99.62,0,30.9,0,0.01,0,0.02,0,7
2.38,0,0.1,0.03,0,0.15,0.01,0.01,40.33,0.64,0.01,0.2,1.87,0,0.02,0.31,0.09,98.38,0,32.6,0,0,0,0.03,0,7
4.05,0,0.21,0,0,0.19,0.01,0.03,37.66,0,0.01,0.21,3.49,0.01,0.04,0.21,0.12,99.41,0,31.9,0,0,0.01,0.04,0,7
2.37,0,0.02,0,0,0.04,0.01,0.01,41.12,0.53,0,0.13,0.94,0,0.01,0.17,0.03,99.32,0,34.4,0,0,0,0.02,0,7
4,0,0.03,0,0,0.05,0.01,0.01,41.2,0,0.01,0.19,1.15,0,0.01,0.21,0.12,99.67,0,30.9,0,0,0,0.02,0,7
1.52,0,0,0,0,0.02,0,0.01,43.99,1.89,0,0.23,0.53,0,0.01,0.08,0.02,99.86,0,33,0,0,0,0.01,0,7
1.93,0,0.01,0,0,0.01,0,0.01,42.76,1.11,0,0.23,0.39,0,0.01,0.09,0.02,100.5,0,34.8,0,0,0,0.01,0,7
3.81,0,0.01,0,0,0.01,0,0,39.99,0.91,0,0.17,0.21,0.01,0,0.1,0.01,99.54,0,35.9,0,0.02,0,0,0,7
1.3,0,0.01,0,0,0.01,0.01,0.05,43.89,4.49,0,0.22,0.29,0,0.01,0.09,0.01,99.35,0,34.3,0,0.1,0,0,0.01,7
9.73,0,0.12,0,0,0.01,0.04,0,42.87,0,0.08,0.11,0.6,0,0.01,0.2,0,99.93,0,20.9,0,1,0.02,0.01,0.06,1
23.5,0,0.24,0.02,0,0.01,0.03,0,26.54,0,0.07,2.46,1.08,0,0.01,0.33,0,100.35,0.01,21.7,0,2.22,0.01,0.01,0.06,0
29.3,0,0.12,0.03,0,0,0.03,0,19.69,0.98,0.03,5.09,0.54,0,0.01,0.28,0.01,101.15,0.01,23.7,0,3.67,0.02,0.02,0.04,0
22.3,0,0.05,0.02,0,0,0.02,0,17.84,0.88,0.04,1.24,0.18,0.02,0.01,0.18,0,100.6,0.01,39.3,0,2.61,0.02,0.01,0.03,0
18.2,0,0.01,0,0,0,0.01,0,24.11,1.2,0.05,0.94,0.14,0.01,0.02,0.14,0,100.2,0,35,0,3.66,0.03,0.01,0.04,0
16.6,0,0,0,0,0,0,0,15.61,1.37,0.01,0.26,0.06,0.01,0.01,0.04,0,100.65,0.01,51.6,0,3.55,0.03,0,0.04,0
21.3,0,0.03,0.02,0,0,0,0,3.16,0.27,0.06,0.03,0.1,0.02,0,0.02,0.01,7.33,0.01,66.6,0,0.6,0.01,0,0.05,0
14.15,0,0.46,0.02,0,0.02,0,0,6.88,0,0.06,0.03,2.01,0.01,0,0.04,0.18,5.51,0.01,65.8,0,0.78,0.01,0.01,0.03,0
11.8,0,0.03,0.01,0,0,0.01,0,17.42,2.7,0.06,0.01,0.2,0.03,0,0.04,0.02,4.5,0.02,56.5,0,1.85,0.02,0,0.03,0
17.25,0,0.04,0.02,0,0,0,0,9.06,1.14,0.13,0.03,0.2,0.01,0,0.04,0.02,6.2,0.01,62.2,0,0.99,0.01,0,0.02,0
11.35,0,0.01,0.02,0,0,0,0,24.75,4.34,0.04,0.06,0.11,0.01,0,0.1,0.02,4.17,0,48.1,0,0.4,0.01,0,0.05,0
1.21,0,0.02,0.01,0,0,0.01,0,41.76,7.51,0,0.17,0.17,0.01,0,0.08,0.01,0.3,0.01,37.6,0,0.1,0.01,0.01,0,7
5.91,0,0.05,0.01,0,0.01,0.01,0.02,37.17,6.04,0,0.19,0.36,0.02,0,0.19,0.02,2.34,0.01,35.5,0,0.21,0.01,0.01,0,1
3.55,0,0.02,0.02,0,0.03,0,0.01,39.01,7.78,0,0.32,0.66,0.01,0.01,0.09,0.01,0.98,0,37.7,0,0.03,0,0.01,0,1
3.5,0,0.03,0.02,0,0.05,0,0.01,32.4,6.85,0,0.25,0.78,0.01,0.01,0.06,0,0.93,0,46.6,0,0.01,0,0.01,0,1
3.2,0,0.03,0.02,0,0.03,0,0.01,42.72,9.64,0,0.41,0.74,0,0.01,0.06,0.01,0.43,0,33.5,0,0.01,0,0.01,0,1
3.69,0,0.06,0,0,0.04,0,0.01,47.78,9.65,0,0.43,0.98,0.01,0.01,0.06,0.01,0.77,0.01,24.7,0,0.02,0.01,0.01,0,1
3.03,0,0.03,0.01,0,0.03,0,0.01,57.16,10.65,0,0.56,0.98,0,0.01,0.08,0.01,0.58,0,11.85,0,0.02,0.01,0.01,0,7
3.81,0,0.03,0.01,0,0.06,0,0.03,58.04,7.27,0,0.53,2.31,0.01,0.03,0.09,0,1.5,0,7.61,0,0.01,0.01,0.04,0,7
1.83,0.01,0.15,0.02,0.01,0.1,0,0.03,41.46,1.24,0,0.33,2.1,0,0.03,0.08,0.03,1.22,0,33.4,0,0.01,0,0.03,0,7
15.05,0,0.27,0.02,0,0.02,0,0,10.41,0,0.01,0.07,1.17,0.03,0,0.16,0.01,6.14,0,60.6,0,0.08,0,0,0.01,0
1.82,0,0.01,0.01,0,0.02,0,0.01,40.48,1.86,0,0.11,0.38,0.01,0,0.04,0.01,0.59,0,38.6,0,0.01,0,0.01,0,7
1.8,0,0.01,0.02,0,0.02,0.01,0.01,44.23,1.38,0,0.1,0.37,0.02,0.01,0.04,0,0.75,0,32.8,0,0.01,0,0.01,0,7
0.58,0,0,0.02,0,0,0,0,41.22,1.1,0,0.04,0.05,0,0,0.01,0,0.16,0,39.3,0,0,0,0,0,7
0.21,0,0,0.01,0,0,0,0,46.71,0.87,0,0.02,0.03,0,0,0.01,0,0.01,0,32.2,0,0.01,0,0,0,7
0.28,0,0.02,0.02,0,0,0,0,43.23,0.95,0,0.04,0.11,0.02,0,0.01,0,0.01,0,37.3,0,0,0,0,0,7
8.65,0,0.04,0.01,0,0,0,0,17.94,0.44,0.01,0.03,0.14,0.01,0,0.05,0,3.22,0.01,61.7,0.01,0.09,0,0,0.01,0
1.82,0,0.01,0.02,0,0,0,0,50.56,0.58,0,0.12,0.12,0,0.01,0.03,0,0.75,0,24.1,0,0.04,0,0,0,7
0.5,0.01,0.03,0.02,0,0,0.01,0,68.58,14.2,0,1.98,0.22,0,0.01,0.05,0.01,-1.26,0,0.58,0.01,0.02,0,0,0,6
0.44,0.01,0.03,0.03,0.01,0,0.01,0,67.73,18.05,0,2.34,0.31,0,0.01,0.04,0,-1.62,0,0.7,0,0.02,0,0,0,6
0.78,0,0.05,0.03,0.01,0,0,0,67.4,10.3,0,0.97,0.4,0,0,0.04,0,-0.6,0,1.09,0,0.02,0,0,0,6
11.7,0,0.24,0.04,0.01,0.01,0.01,0,45.9,4.83,0.08,0.69,1.87,0.02,0.02,0.11,0,3.96,0,13.9,0,0.68,0.01,0.01,0.05,1
17.95,0,0.32,0.09,0.01,0,0.02,0,34.22,0.96,0.09,0.64,1.36,0.02,0.01,0.17,0.01,6.76,0,21.1,0,1.49,0.02,0.01,0.17,1
14.15,0,0.02,1.1,0,0,0.04,0,40.48,3.58,0.02,0.96,0.37,0.03,0.02,0.46,0,5.41,0,17.6,0,0.9,0.02,0.01,0.08,1
15.35,0,0,2.13,0,0.01,0.03,0,35.07,4.77,0.01,2.92,0.32,0.03,0.03,0.71,0.01,5.25,0.01,20.6,0,0.94,0.02,0.02,0.07,1
22,0,0.23,1.91,0,0.01,0.02,0,14.27,0,0.06,8.99,0.91,0.05,0.01,0.49,0.01,8.11,0,33.9,0,1.82,0.01,0.03,0.03,0
